bucket,scope,alpha,t,coverage,risk
cm,all test,0.01,0.0,0.09408926417370325,0.0641025641025641
cm,all test,0.01,0.007054461938191239,0.09529553679131483,0.06329113924050633
cm,all test,0.01,0.007702401323125822,0.09891435464414958,0.06097560975609756
cm,all test,0.01,0.00789314108125076,0.10132689987937274,0.05952380952380952
cm,all test,0.01,0.00803311424802761,0.10494571773220748,0.05747126436781609
cm,all test,0.01,0.008137446852230893,0.10735826296743065,0.056179775280898875
cm,all test,0.01,0.008189901718592395,0.11097708082026538,0.05434782608695652
cm,all test,0.01,0.008395145740353549,0.11338962605548854,0.05319148936170213
cm,all test,0.01,0.00842253455690199,0.11700844390832328,0.05154639175257732
cm,all test,0.01,0.008489263602585577,0.11942098914354644,0.050505050505050504
cm,all test,0.01,0.00853164470238662,0.12303980699638119,0.049019607843137254
cm,all test,0.01,0.008561047537445727,0.12545235223160434,0.04807692307692308
cm,all test,0.01,0.008616047783004467,0.12907117008443908,0.04672897196261682
cm,all test,0.01,0.008635361540040111,0.13148371531966224,0.045871559633027525
cm,all test,0.01,0.008712624374434765,0.13510253317249699,0.044642857142857144
cm,all test,0.01,0.008715713263901434,0.13751507840772015,0.043859649122807015
cm,all test,0.01,0.008740425770727254,0.1411338962605549,0.042735042735042736
cm,all test,0.01,0.008765702771941462,0.14354644149577805,0.04201680672268908
cm,all test,0.01,0.008815212122211239,0.1471652593486128,0.040983606557377046
cm,all test,0.01,0.008838065846989476,0.14957780458383596,0.04032258064516129
cm,all test,0.01,0.008898299458435427,0.15319662243667068,0.03937007874015748
cm,all test,0.01,0.008905790352872403,0.15560916767189384,0.03875968992248062
cm,all test,0.01,0.008948363673962244,0.15922798552472858,0.03787878787878788
cm,all test,0.01,0.008958149397435717,0.16164053075995174,0.03731343283582089
cm,all test,0.01,0.008996229382419958,0.1652593486127865,0.0364963503649635
cm,all test,0.01,0.009030562919336751,0.16767189384800965,0.03597122302158273
cm,all test,0.01,0.00905218521914052,0.1712907117008444,0.035211267605633804
cm,all test,0.01,0.009058838893364844,0.17370325693606756,0.034722222222222224
cm,all test,0.01,0.009114920697187364,0.1773220747889023,0.034013605442176874
cm,all test,0.01,0.009136571863302172,0.17973462002412546,0.03355704697986577
cm,all test,0.01,0.009144229049553422,0.18335343787696018,0.039473684210526314
cm,all test,0.01,0.009158012544022704,0.18576598311218334,0.03896103896103896
cm,all test,0.01,0.009173450837842427,0.18938480096501809,0.03821656050955414
cm,all test,0.01,0.00917414200688385,0.19179734620024125,0.03773584905660377
cm,all test,0.01,0.00922757010159488,0.195416164053076,0.037037037037037035
cm,all test,0.01,0.009253649441027068,0.19903498190591074,0.03636363636363636
cm,all test,0.01,0.009270270256134963,0.2014475271411339,0.03592814371257485
cm,all test,0.01,0.009312934204671466,0.20506634499396864,0.03529411764705882
cm,all test,0.01,0.00933629298441297,0.2074788902291918,0.03488372093023256
cm,all test,0.01,0.009354114526796747,0.21109770808202655,0.03428571428571429
cm,all test,0.01,0.009370803099562173,0.2135102533172497,0.03389830508474576
cm,all test,0.01,0.009390785120217533,0.21712907117008443,0.03333333333333333
cm,all test,0.01,0.009409306424974914,0.2195416164053076,0.03296703296703297
cm,all test,0.01,0.009430088040818827,0.22316043425814233,0.032432432432432434
cm,all test,0.01,0.00943568054249197,0.2255729794933655,0.03208556149732621
cm,all test,0.01,0.009451314028867749,0.22919179734620024,0.031578947368421054
cm,all test,0.01,0.009494933923691256,0.2316043425814234,0.03125
cm,all test,0.01,0.009512446202900196,0.23522316043425814,0.03076923076923077
cm,all test,0.01,0.009524075794506757,0.2376357056694813,0.030456852791878174
cm,all test,0.01,0.009533872818590252,0.24125452352231605,0.03
cm,all test,0.01,0.00955664191517597,0.2436670687575392,0.0297029702970297
cm,all test,0.01,0.009610445356998527,0.24728588661037396,0.02926829268292683
cm,all test,0.01,0.009612906370837646,0.24969843184559712,0.028985507246376812
cm,all test,0.01,0.009653392287600007,0.25331724969843183,0.02857142857142857
cm,all test,0.01,0.009658817735537215,0.255729794933655,0.02830188679245283
cm,all test,0.01,0.009712284325809806,0.25934861278648974,0.027906976744186046
cm,all test,0.01,0.009722655320424005,0.2617611580217129,0.027649769585253458
cm,all test,0.01,0.00976313161680791,0.26537997587454765,0.02727272727272727
cm,all test,0.01,0.009769524036535505,0.2677925211097708,0.02702702702702703
cm,all test,0.01,0.009807297406303945,0.27141133896260555,0.02666666666666667
cm,all test,0.01,0.009832782722650932,0.2738238841978287,0.02643171806167401
cm,all test,0.01,0.009904493958687735,0.27744270205066346,0.02608695652173913
cm,all test,0.01,0.009927427294097606,0.2798552472858866,0.02586206896551724
cm,all test,0.01,0.009953822232901656,0.28347406513872137,0.02553191489361702
cm,all test,0.01,0.009958645547249897,0.2858866103739445,0.02531645569620253
cm,all test,0.01,0.009978077730277353,0.28950542822677927,0.025
cm,all test,0.01,0.00998481158347255,0.29191797346200243,0.024793388429752067
cm,all test,0.01,0.01006030921526715,0.2955367913148372,0.024489795918367346
cm,all test,0.01,0.01007936767773522,0.2991556091676719,0.024193548387096774
cm,all test,0.01,0.0101004041117672,0.30156815440289503,0.024
cm,all test,0.01,0.01012791416368971,0.30518697225572977,0.023715415019762844
cm,all test,0.01,0.01014294526152485,0.30759951749095293,0.023529411764705882
cm,all test,0.01,0.010170448143622956,0.3112183353437877,0.023255813953488372
cm,all test,0.01,0.01018013000912702,0.31363088057901084,0.023076923076923078
cm,all test,0.01,0.010210844342312255,0.3172496984318456,0.022813688212927757
cm,all test,0.01,0.010225215902700022,0.31966224366706875,0.022641509433962263
cm,all test,0.01,0.010241590491105453,0.3232810615199035,0.022388059701492536
cm,all test,0.01,0.010254050879694526,0.32569360675512665,0.022222222222222223
cm,all test,0.01,0.010283096359365649,0.3293124246079614,0.02197802197802198
cm,all test,0.01,0.010310350529562872,0.33172496984318456,0.02181818181818182
cm,all test,0.01,0.010340284512892296,0.3353437876960193,0.02158273381294964
cm,all test,0.01,0.010344668632195436,0.33775633293124246,0.02142857142857143
cm,all test,0.01,0.010360836092332673,0.3413751507840772,0.02120141342756184
cm,all test,0.01,0.010367240596214265,0.34378769601930037,0.021052631578947368
cm,all test,0.01,0.010386975477976707,0.3474065138721351,0.020833333333333332
cm,all test,0.01,0.010420102304632362,0.3498190591073583,0.020689655172413793
cm,all test,0.01,0.010470835458981913,0.353437876960193,0.020477815699658702
cm,all test,0.01,0.010478688224581171,0.3558504221954162,0.020338983050847456
cm,all test,0.01,0.01048841051238783,0.3594692400482509,0.020134228187919462
cm,all test,0.01,0.010509237321507403,0.3618817852834741,0.02
cm,all test,0.01,0.010539731135171386,0.36550060313630883,0.019801980198019802
cm,all test,0.01,0.010567338400863095,0.36791314837153194,0.019672131147540985
cm,all test,0.01,0.010604779255517834,0.3715319662243667,0.01948051948051948
cm,all test,0.01,0.010664754139482846,0.37394451145958985,0.01935483870967742
cm,all test,0.01,0.010671445799978937,0.3775633293124246,0.019169329073482427
cm,all test,0.01,0.01068143718082723,0.37997587454764775,0.01904761904761905
cm,all test,0.01,0.010701786612320394,0.3835946924004825,0.018867924528301886
cm,all test,0.01,0.010726555010552185,0.38600723763570566,0.01875
cm,all test,0.01,0.010767695563552988,0.3896260554885404,0.018575851393188854
cm,all test,0.01,0.010773555174992332,0.39203860072376356,0.018461538461538463
cm,all test,0.01,0.010844979215970434,0.3956574185765983,0.018292682926829267
cm,all test,0.01,0.010916813153239675,0.39927623642943305,0.01812688821752266
cm,all test,0.01,0.010946631099713602,0.4016887816646562,0.018018018018018018
cm,all test,0.01,0.010979458860405102,0.40530759951749096,0.017857142857142856
cm,all test,0.01,0.010988704249099207,0.4077201447527141,0.01775147928994083
cm,all test,0.01,0.011033862718739625,0.41133896260554886,0.017595307917888565
cm,all test,0.01,0.0111421062450174,0.413751507840772,0.01749271137026239
cm,all test,0.01,0.011216292984976397,0.41737032569360677,0.017341040462427744
cm,all test,0.01,0.011265207325565407,0.41978287092882993,0.017241379310344827
cm,all test,0.01,0.011294239828166665,0.4234016887816647,0.017094017094017096
cm,all test,0.01,0.011403512463151593,0.42581423401688784,0.0169971671388102
cm,all test,0.01,0.01150936301566244,0.4294330518697226,0.016853932584269662
cm,all test,0.01,0.011624602946823262,0.43184559710494574,0.01675977653631285
cm,all test,0.01,0.011647294314959932,0.43546441495778043,0.01662049861495845
cm,all test,0.01,0.011723963718018893,0.4378769601930036,0.01652892561983471
cm,all test,0.01,0.011769222351106086,0.44149577804583834,0.01639344262295082
cm,all test,0.01,0.011804323730048442,0.4439083232810615,0.016304347826086956
cm,all test,0.01,0.01186582388242422,0.44752714113389624,0.016172506738544475
cm,all test,0.01,0.011903629232821747,0.4499396863691194,0.0160857908847185
cm,all test,0.01,0.011997452196677486,0.45355850422195415,0.015957446808510637
cm,all test,0.01,0.01206613222801796,0.4559710494571773,0.015873015873015872
cm,all test,0.01,0.012161360532299938,0.45958986731001206,0.015748031496062992
cm,all test,0.01,0.01249716139685896,0.4620024125452352,0.015665796344647518
cm,all test,0.01,0.01257334896289557,0.46562123039806996,0.015544041450777202
cm,all test,0.01,0.01260548238613742,0.4680337756332931,0.015463917525773196
cm,all test,0.01,0.012720113138277362,0.47165259348612787,0.015345268542199489
cm,all test,0.01,0.012783586081171035,0.47406513872135103,0.015267175572519083
cm,all test,0.01,0.013068977443715882,0.4776839565741858,0.015151515151515152
cm,all test,0.01,0.013322752956765816,0.48009650180940894,0.01507537688442211
cm,all test,0.01,0.013456080124310184,0.4837153196622437,0.014962593516209476
cm,all test,0.01,0.013564168805171665,0.48612786489746684,0.01488833746898263
cm,all test,0.01,0.013935763735334339,0.4897466827503016,0.014778325123152709
cm,all test,0.01,0.014380022240358602,0.49215922798552475,0.014705882352941176
cm,all test,0.01,0.01464583843427856,0.4957780458383595,0.014598540145985401
cm,all test,0.01,0.015087719547621855,0.49939686369119424,0.014492753623188406
cm,all test,0.01,0.015160869570520786,0.5018094089264173,0.014423076923076924
cm,all test,0.01,0.015572358546221833,0.5054282267792521,0.016706443914081145
cm,all test,0.01,0.015982300871308065,0.5078407720144753,0.0166270783847981
cm,all test,0.01,0.016120963994077062,0.51145958986731,0.01650943396226415
cm,all test,0.01,0.016569836554344245,0.5138721351025332,0.01643192488262911
cm,all test,0.01,0.01673269220746036,0.517490952955368,0.016317016317016316
cm,all test,0.01,0.016953308391177868,0.5199034981905911,0.016241299303944315
cm,all test,0.01,0.017334986478133863,0.5235223160434258,0.016129032258064516
cm,all test,0.01,0.018052842247484054,0.525934861278649,0.01834862385321101
cm,all test,0.01,0.018391695153959695,0.5295536791314838,0.02050113895216401
cm,all test,0.01,0.0186055488457537,0.5319662243667069,0.02040816326530612
cm,all test,0.01,0.019547735130844353,0.5355850422195416,0.02027027027027027
cm,all test,0.01,0.019828703814913244,0.5379975874547648,0.020179372197309416
cm,all test,0.01,0.020381534947650548,0.5416164053075995,0.0200445434298441
cm,all test,0.01,0.020490129637072002,0.5440289505428226,0.019955654101995565
cm,all test,0.01,0.020833453036356912,0.5476477683956574,0.019823788546255508
cm,all test,0.01,0.02142939085489832,0.5500603136308806,0.019736842105263157
cm,all test,0.01,0.022392936551757194,0.5536791314837153,0.0196078431372549
cm,all test,0.01,0.022812085761188365,0.5560916767189384,0.021691973969631236
cm,all test,0.01,0.02347574683108132,0.5597104945717732,0.021551724137931036
cm,all test,0.01,0.02454504082977195,0.5621230398069964,0.02145922746781116
cm,all test,0.01,0.025237801787100528,0.5657418576598311,0.021321961620469083
cm,all test,0.01,0.026098998058594978,0.5681544028950543,0.021231422505307854
cm,all test,0.01,0.026628512108854252,0.571773220747889,0.02109704641350211
cm,all test,0.01,0.02670178813661232,0.5741857659831122,0.02100840336134454
cm,all test,0.01,0.02764174778089119,0.5778045838359469,0.020876826722338204
cm,all test,0.01,0.028091249080522473,0.5802171290711701,0.02286902286902287
cm,all test,0.01,0.02863139083783307,0.5838359469240049,0.022727272727272728
cm,all test,0.01,0.029119472019104385,0.586248492159228,0.02263374485596708
cm,all test,0.01,0.030469255050010347,0.5898673100120627,0.022494887525562373
cm,all test,0.01,0.03115336546588975,0.5922798552472859,0.02240325865580448
cm,all test,0.01,0.031299253413049996,0.5958986731001207,0.024291497975708502
cm,all test,0.01,0.03247326306903892,0.5995174909529554,0.026156941649899398
cm,all test,0.01,0.03359360801297779,0.6019300361881785,0.026052104208416832
cm,all test,0.01,0.03467619067670358,0.6055488540410132,0.025896414342629483
cm,all test,0.01,0.036368651320389155,0.6079613992762364,0.02976190476190476
cm,all test,0.01,0.03844881730764752,0.6115802171290712,0.029585798816568046
cm,all test,0.01,0.040468592534554954,0.6139927623642943,0.029469548133595286
cm,all test,0.01,0.04288607725100879,0.617611580217129,0.029296875
cm,all test,0.01,0.04341374387976684,0.6200241254523522,0.0311284046692607
cm,all test,0.01,0.045447011135592144,0.623642943305187,0.030947775628626693
cm,all test,0.01,0.046961747741051774,0.6260554885404102,0.03275529865125241
cm,all test,0.01,0.047756175099978294,0.6296743063932448,0.032567049808429116
cm,all test,0.01,0.048352503372879725,0.632086851628468,0.03435114503816794
cm,all test,0.01,0.049384926246598106,0.6357056694813028,0.036053130929791274
cm,all test,0.01,0.05111674373428,0.638118214716526,0.035916824196597356
cm,all test,0.01,0.053240809286291435,0.6417370325693607,0.03759398496240601
cm,all test,0.01,0.05885973334988561,0.6441495778045838,0.03932584269662921
cm,all test,0.01,0.06233305322702914,0.6477683956574186,0.03910614525139665
cm,all test,0.01,0.07149259312578912,0.6501809408926418,0.04081632653061224
cm,all test,0.01,0.07254851177360377,0.6537997587454765,0.04059040590405904
cm,all test,0.01,0.07668118997350208,0.6562123039806996,0.04044117647058824
cm,all test,0.01,0.08713573187219441,0.6598311218335344,0.04021937842778794
cm,all test,0.01,0.08844245983485567,0.6622436670687576,0.04007285974499089
cm,all test,0.01,0.09263698626339224,0.6658624849215923,0.03985507246376811
cm,all test,0.01,0.09613051520413415,0.6682750301568154,0.04151624548736462
cm,all test,0.01,0.10216111217719484,0.6718938480096501,0.04308797127468582
cm,all test,0.01,0.10491598728980339,0.6743063932448733,0.04293381037567084
cm,all test,0.01,0.10770472368748579,0.6779252110977081,0.042704626334519574
cm,all test,0.01,0.1125883575150122,0.6803377563329313,0.0425531914893617
cm,all test,0.01,0.12155807883174836,0.6839565741857659,0.04409171075837742
cm,all test,0.01,0.1287578385885444,0.6863691194209891,0.043936731107205626
cm,all test,0.01,0.13417270395783745,0.6899879372738239,0.0472027972027972
cm,all test,0.01,0.13521672624864814,0.6924004825090471,0.047038327526132406
cm,all test,0.01,0.13635848578542226,0.6960193003618818,0.04852686308492201
cm,all test,0.01,0.14341792663597572,0.6996381182147166,0.05
cm,all test,0.01,0.14645258522634805,0.7020506634499397,0.05154639175257732
cm,all test,0.01,0.15486855811241623,0.7056694813027744,0.05299145299145299
cm,all test,0.01,0.16192261259903196,0.7080820265379976,0.05281090289608177
cm,all test,0.01,0.16929939591391355,0.7117008443908324,0.05254237288135593
cm,all test,0.01,0.1706109978867898,0.7141133896260555,0.052364864864864864
cm,all test,0.01,0.1720998453025336,0.7177322074788902,0.05546218487394958
cm,all test,0.01,0.17368704969079415,0.7201447527141134,0.05527638190954774
cm,all test,0.01,0.1854158143771047,0.7237635705669482,0.058333333333333334
cm,all test,0.01,0.18966467824629582,0.7261761158021713,0.05813953488372093
cm,all test,0.01,0.2011980815004913,0.729794933655006,0.06115702479338843
cm,all test,0.01,0.21994890593227984,0.7322074788902292,0.06260296540362438
cm,all test,0.01,0.22630170558551027,0.7358262967430639,0.06393442622950819
cm,all test,0.01,0.2293222676026229,0.738238841978287,0.06372549019607843
cm,all test,0.01,0.2697226714268894,0.7418576598311218,0.06341463414634146
cm,all test,0.01,0.27142430039998267,0.744270205066345,0.06645056726094004
cm,all test,0.01,0.27922897454645895,0.7478890229191797,0.06774193548387097
cm,all test,0.01,0.28539279287002545,0.7503015681544029,0.06752411575562701
cm,all test,0.01,0.28767982419803884,0.7539203860072377,0.0688
cm,all test,0.01,0.29879155653221384,0.7563329312424608,0.0685805422647528
cm,all test,0.01,0.30882039042389553,0.7599517490952955,0.06825396825396825
cm,all test,0.01,0.3195905446243169,0.7623642943305187,0.0680379746835443
cm,all test,0.01,0.33338256177849446,0.7659831121833535,0.06929133858267716
cm,all test,0.01,0.3442783480916114,0.7683956574185766,0.0706436420722135
cm,all test,0.01,0.3588643862142085,0.7720144752714113,0.071875
cm,all test,0.01,0.3760714730559868,0.7744270205066345,0.07165109034267912
cm,all test,0.01,0.40005479592647336,0.7780458383594693,0.07131782945736434
cm,all test,0.01,0.403147273487164,0.7804583835946924,0.07109737248840804
cm,all test,0.01,0.40861701209267143,0.7840772014475271,0.07384615384615385
cm,all test,0.01,0.41669443289758434,0.7864897466827503,0.0736196319018405
cm,all test,0.01,0.43177258230537857,0.7901085645355851,0.07633587786259542
cm,all test,0.01,0.4373278573911364,0.7925211097708083,0.0791476407914764
cm,all test,0.01,0.4472570836330558,0.7961399276236429,0.0803030303030303
cm,all test,0.01,0.4522256201388554,0.7997587454764777,0.08295625942684766
cm,all test,0.01,0.45885625956812326,0.8021712907117008,0.08421052631578947
cm,all test,0.01,0.46150366393298947,0.8057901085645356,0.08532934131736528
cm,all test,0.01,0.47860173840426373,0.8082026537997588,0.08656716417910448
cm,all test,0.01,0.5211562315383489,0.8118214716525934,0.0861812778603269
cm,all test,0.01,0.5302371706619942,0.8142340168878166,0.08888888888888889
cm,all test,0.01,0.5414177425996465,0.8178528347406514,0.08997050147492626
cm,all test,0.01,0.54599154005483,0.8202653799758746,0.09117647058823529
cm,all test,0.01,0.5480471076388745,0.8238841978287093,0.09224011713030747
cm,all test,0.01,0.5542530041915508,0.8262967430639324,0.09343065693430656
cm,all test,0.01,0.5695307272668556,0.8299155609167672,0.09593023255813954
cm,all test,0.01,0.5757537386374126,0.8323281061519904,0.09565217391304348
cm,all test,0.01,0.6298653828116824,0.8359469240048251,0.09812409812409813
cm,all test,0.01,0.6398875997547043,0.8383594692400482,0.10071942446043165
cm,all test,0.01,0.6498052191405846,0.841978287092883,0.1017191977077364
cm,all test,0.01,0.6540085482228203,0.8443908323281062,0.10428571428571429
cm,all test,0.01,0.6560778032708187,0.8480096501809409,0.10810810810810811
cm,all test,0.01,0.6669989388115061,0.850422195416164,0.11063829787234042
cm,all test,0.01,0.6792706187994639,0.8540410132689988,0.1115819209039548
cm,all test,0.01,0.6939526691594009,0.856453558504222,0.11126760563380282
cm,all test,0.01,0.7093884705044986,0.8600723763570567,0.1150070126227209
cm,all test,0.01,0.7196956983535716,0.8624849215922799,0.11608391608391608
cm,all test,0.01,0.7264056380504772,0.8661037394451147,0.11838440111420613
cm,all test,0.01,0.7294362756710784,0.8685162846803377,0.11944444444444445
cm,all test,0.01,0.7339984648501965,0.8721351025331725,0.12309820193637622
cm,all test,0.01,0.7359573335176862,0.8745476477683957,0.12551724137931033
cm,all test,0.01,0.7435343271952549,0.8781664656212304,0.12774725274725274
cm,all test,0.01,0.7454851544208912,0.8805790108564535,0.13013698630136986
cm,all test,0.01,0.7519254639736916,0.8841978287092883,0.13233287858117326
cm,all test,0.01,0.7571011625287006,0.8866103739445115,0.13333333333333333
cm,all test,0.01,0.761982087157017,0.8902291917973462,0.13685636856368563
cm,all test,0.01,0.7635630103661535,0.8926417370325693,0.13783783783783785
cm,all test,0.01,0.7692056299892741,0.8962605548854041,0.13997308209959622
cm,all test,0.01,0.7800399511680658,0.8998793727382388,0.14209115281501342
cm,all test,0.01,0.780728448499265,0.902291917973462,0.1443850267379679
cm,all test,0.01,0.7849171968382652,0.9059107358262968,0.14647137150466044
cm,all test,0.01,0.7863141102165201,0.9083232810615199,0.14873837981407703
cm,all test,0.01,0.787198556412222,0.9119420989143546,0.14947089947089948
cm,all test,0.01,0.7896369229189023,0.9143546441495778,0.14907651715039577
cm,all test,0.01,0.795865232755043,0.9179734620024126,0.1498028909329829
cm,all test,0.01,0.800315684375318,0.9203860072376358,0.14941022280471822
cm,all test,0.01,0.8022480700193532,0.9240048250904704,0.15274151436031333
cm,all test,0.01,0.8041843543691076,0.9264173703256936,0.15494791666666666
cm,all test,0.01,0.8100093195209894,0.9300361881785284,0.1569390402075227
cm,all test,0.01,0.8117430117025083,0.9324487334137516,0.1591203104786546
cm,all test,0.01,0.8190614361381572,0.9360675512665863,0.16237113402061856
cm,all test,0.01,0.8197693692195525,0.9384800965018094,0.16452442159383032
cm,all test,0.01,0.8256525371010031,0.9420989143546441,0.16645326504481434
cm,all test,0.01,0.8272443563025548,0.9445114595898673,0.1685823754789272
cm,all test,0.01,0.8300228711642869,0.9481302774427021,0.17048346055979643
cm,all test,0.01,0.8317584095686739,0.9505428226779252,0.1700507614213198
cm,all test,0.01,0.834101097795689,0.9541616405307599,0.1731984829329962
cm,all test,0.01,0.8372345405785963,0.9565741857659831,0.17276166456494324
cm,all test,0.01,0.8392248181794804,0.9601930036188179,0.17587939698492464
cm,all test,0.01,0.8408256222390371,0.962605548854041,0.17669172932330826
cm,all test,0.01,0.8442099016190222,0.9662243667068757,0.17852684144818975
cm,all test,0.01,0.8457741641350223,0.9686369119420989,0.18057285180572852
cm,all test,0.01,0.8481013997653946,0.9722557297949337,0.18238213399503722
cm,all test,0.01,0.8527444848547723,0.9746682750301568,0.18316831683168316
cm,all test,0.01,0.8571083440183916,0.9782870928829915,0.18495684340320592
cm,all test,0.01,0.8584326052828802,0.9806996381182147,0.1857318573185732
cm,all test,0.01,0.8619829414181305,0.9843184559710495,0.18872549019607843
cm,all test,0.01,0.8627836493037143,0.9867310012062727,0.19070904645476772
cm,all test,0.01,0.8655206180750894,0.9903498190591074,0.19123020706455543
cm,all test,0.01,0.8665145886975176,0.9927623642943305,0.1919805589307412
cm,all test,0.01,0.8694649384238632,0.9963811821471653,0.19491525423728814
cm,all test,0.01,0.8706897778284561,1.0,0.19782870928829915
cm,all test,0.05,0.0,0.15681544028950542,0.15384615384615385
cm,all test,0.05,0.007054461938191239,0.158021712907117,0.15267175572519084
cm,all test,0.05,0.007645578741449998,0.16043425814234016,0.15037593984962405
cm,all test,0.05,0.00789314108125076,0.1640530759951749,0.14705882352941177
cm,all test,0.05,0.008019072431298058,0.16646562123039807,0.14492753623188406
cm,all test,0.05,0.008086083921177043,0.16887816646562123,0.14285714285714285
cm,all test,0.05,0.008172628033412717,0.17249698431845598,0.13986013986013987
cm,all test,0.05,0.008339713001347417,0.17490952955367914,0.13793103448275862
cm,all test,0.05,0.008398728640096702,0.1773220747889023,0.1360544217687075
cm,all test,0.05,0.008474968341725472,0.18094089264173704,0.13333333333333333
cm,all test,0.05,0.008505892814050045,0.18335343787696018,0.13157894736842105
cm,all test,0.05,0.00853164470238662,0.18576598311218334,0.12987012987012986
cm,all test,0.05,0.008579265582906418,0.18938480096501809,0.12738853503184713
cm,all test,0.05,0.008616047783004467,0.19179734620024125,0.12578616352201258
cm,all test,0.05,0.008635361540040111,0.1942098914354644,0.12422360248447205
cm,all test,0.05,0.008712624374434765,0.19782870928829915,0.12195121951219512
cm,all test,0.05,0.008715713263901434,0.20024125452352232,0.12048192771084337
cm,all test,0.05,0.008732686196256148,0.20265379975874548,0.11904761904761904
cm,all test,0.05,0.008765702771941462,0.20627261761158022,0.11695906432748537
cm,all test,0.05,0.008803201923986594,0.20868516284680338,0.11560693641618497
cm,all test,0.05,0.008834541975456934,0.21109770808202655,0.11428571428571428
cm,all test,0.05,0.008890617002962387,0.2147165259348613,0.11235955056179775
cm,all test,0.05,0.00890164675394831,0.21712907117008443,0.1111111111111111
cm,all test,0.05,0.008915376806743364,0.2195416164053076,0.10989010989010989
cm,all test,0.05,0.008952135966751287,0.22316043425814233,0.10810810810810811
cm,all test,0.05,0.008970965889532636,0.2255729794933655,0.10695187165775401
cm,all test,0.05,0.008996229382419958,0.22798552472858866,0.10582010582010581
cm,all test,0.05,0.009031181427801323,0.2316043425814234,0.10416666666666667
cm,all test,0.05,0.00905218521914052,0.23401688781664656,0.10309278350515463
cm,all test,0.05,0.009058838893364844,0.23642943305186973,0.10204081632653061
cm,all test,0.05,0.009114920697187364,0.24004825090470447,0.10050251256281408
cm,all test,0.05,0.009136571863302172,0.24246079613992763,0.09950248756218906
cm,all test,0.05,0.00914355478608999,0.2448733413751508,0.10344827586206896
cm,all test,0.05,0.009158012544022704,0.24849215922798554,0.10194174757281553
cm,all test,0.05,0.009165048895415057,0.25090470446320867,0.10096153846153846
cm,all test,0.05,0.009173582064868364,0.25331724969843183,0.1
cm,all test,0.05,0.009203487839436917,0.2569360675512666,0.09859154929577464
cm,all test,0.05,0.00923224503570122,0.25934861278648974,0.09767441860465116
cm,all test,0.05,0.009253649441027068,0.2617611580217129,0.0967741935483871
cm,all test,0.05,0.009281440268105897,0.26537997587454765,0.09545454545454546
cm,all test,0.05,0.009312934204671466,0.2677925211097708,0.0945945945945946
cm,all test,0.05,0.00933629298441297,0.27020506634499397,0.09375
cm,all test,0.05,0.009354114526796747,0.2738238841978287,0.09251101321585903
cm,all test,0.05,0.009370803099562173,0.2762364294330519,0.09170305676855896
cm,all test,0.05,0.009390785120217533,0.2798552472858866,0.09051724137931035
cm,all test,0.05,0.009409306424974914,0.2822677925211098,0.08974358974358974
cm,all test,0.05,0.009420674020210792,0.28468033775633295,0.08898305084745763
cm,all test,0.05,0.00943568054249197,0.2882991556091677,0.08786610878661087
cm,all test,0.05,0.009438476083038883,0.29071170084439085,0.08713692946058091
cm,all test,0.05,0.00945512495376083,0.293124246079614,0.08641975308641975
cm,all test,0.05,0.009511816455556677,0.29674306393244876,0.08536585365853659
cm,all test,0.05,0.009513561253296686,0.2991556091676719,0.0846774193548387
cm,all test,0.05,0.009529854393437471,0.30156815440289503,0.084
cm,all test,0.05,0.009543194603058016,0.30518697225572977,0.08300395256916997
cm,all test,0.05,0.009557476287835983,0.30759951749095293,0.08235294117647059
cm,all test,0.05,0.009610445356998527,0.3100120627261761,0.08171206225680934
cm,all test,0.05,0.00962511241832802,0.31363088057901084,0.08076923076923077
cm,all test,0.05,0.009653392287600007,0.316043425814234,0.08015267175572519
cm,all test,0.05,0.009658817735537215,0.31845597104945716,0.07954545454545454
cm,all test,0.05,0.009712284325809806,0.3220747889022919,0.07865168539325842
cm,all test,0.05,0.009722655320424005,0.32448733413751507,0.07806691449814127
cm,all test,0.05,0.009741724982782887,0.32689987937273823,0.07749077490774908
cm,all test,0.05,0.009769524036535505,0.330518697225573,0.07664233576642336
cm,all test,0.05,0.009788588194852116,0.33293124246079614,0.07608695652173914
cm,all test,0.05,0.009818135131570335,0.3353437876960193,0.07553956834532374
cm,all test,0.05,0.009875680594828625,0.33896260554885405,0.07473309608540925
cm,all test,0.05,0.009906095557969879,0.3413751507840772,0.07420494699646643
cm,all test,0.05,0.009928856723218712,0.34378769601930037,0.07368421052631578
cm,all test,0.05,0.009954958992566442,0.3474065138721351,0.07291666666666667
cm,all test,0.05,0.009963207155826449,0.3498190591073583,0.07241379310344828
cm,all test,0.05,0.009978077730277353,0.35223160434258144,0.07191780821917808
cm,all test,0.05,0.009993719668842634,0.3558504221954162,0.0711864406779661
cm,all test,0.05,0.01006030921526715,0.35826296743063935,0.0707070707070707
cm,all test,0.05,0.01007770175737254,0.3606755126658625,0.07023411371237458
cm,all test,0.05,0.0101004041117672,0.36429433051869725,0.0695364238410596
cm,all test,0.05,0.01011632683769481,0.36670687575392036,0.06907894736842106
cm,all test,0.05,0.01013796685708554,0.3691194209891435,0.06862745098039216
cm,all test,0.05,0.010148377474241788,0.37273823884197826,0.06796116504854369
cm,all test,0.05,0.010178345407737256,0.3751507840772014,0.06752411575562701
cm,all test,0.05,0.01020534196616379,0.3775633293124246,0.0670926517571885
cm,all test,0.05,0.01021995864052024,0.38118214716525933,0.06645569620253164
cm,all test,0.05,0.01023627484357608,0.3835946924004825,0.0660377358490566
cm,all test,0.05,0.010241590491105453,0.38600723763570566,0.065625
cm,all test,0.05,0.01026075498170958,0.3896260554885404,0.06501547987616099
cm,all test,0.05,0.010283096359365649,0.39203860072376356,0.06461538461538462
cm,all test,0.05,0.010310350529562872,0.3944511459589867,0.06422018348623854
cm,all test,0.05,0.010340284512892296,0.39806996381182147,0.06363636363636363
cm,all test,0.05,0.010344668632195436,0.40048250904704463,0.06325301204819277
cm,all test,0.05,0.010360836092332673,0.4041013268998794,0.0626865671641791
cm,all test,0.05,0.010367240596214265,0.40651387213510254,0.06231454005934718
cm,all test,0.05,0.010383688773488263,0.4089264173703257,0.061946902654867256
cm,all test,0.05,0.010420102304632362,0.41254523522316044,0.06140350877192982
cm,all test,0.05,0.010466521735476735,0.4149577804583836,0.061046511627906974
cm,all test,0.05,0.010476029274238748,0.41737032569360677,0.06069364161849711
cm,all test,0.05,0.010487553299951382,0.4209891435464415,0.06017191977077364
cm,all test,0.05,0.010506788416530974,0.4234016887816647,0.05982905982905983
cm,all test,0.05,0.010525597037414123,0.42581423401688784,0.059490084985835696
cm,all test,0.05,0.010554198087909916,0.4294330518697226,0.05898876404494382
cm,all test,0.05,0.010568676476788658,0.43184559710494574,0.05865921787709497
cm,all test,0.05,0.010604779255517834,0.43425814234016885,0.058333333333333334
cm,all test,0.05,0.010665181023697285,0.4378769601930036,0.05785123966942149
cm,all test,0.05,0.010671445799978937,0.44028950542822676,0.057534246575342465
cm,all test,0.05,0.01068143718082723,0.4427020506634499,0.05722070844686648
cm,all test,0.05,0.010701786612320394,0.44632086851628466,0.05675675675675676
cm,all test,0.05,0.010726555010552185,0.4487334137515078,0.056451612903225805
cm,all test,0.05,0.01076395828786583,0.451145958986731,0.05614973262032086
cm,all test,0.05,0.010773555174992332,0.45476477683956573,0.05570291777188329
cm,all test,0.05,0.010786813925039418,0.4571773220747889,0.055408970976253295
cm,all test,0.05,0.010874461876637976,0.45958986731001206,0.05511811023622047
cm,all test,0.05,0.010939667852465407,0.4632086851628468,0.0546875
cm,all test,0.05,0.010950188094270539,0.46562123039806996,0.054404145077720206
cm,all test,0.05,0.010979458860405102,0.4680337756332931,0.05412371134020619
cm,all test,0.05,0.011010002034512687,0.47165259348612787,0.05370843989769821
cm,all test,0.05,0.011033862718739625,0.47406513872135103,0.05343511450381679
cm,all test,0.05,0.0111421062450174,0.4764776839565742,0.053164556962025315
cm,all test,0.05,0.011216292984976397,0.48009650180940894,0.052763819095477386
cm,all test,0.05,0.011265207325565407,0.4825090470446321,0.0525
cm,all test,0.05,0.011293339257947009,0.48492159227985526,0.05223880597014925
cm,all test,0.05,0.011403512463151593,0.48854041013269,0.05185185185185185
cm,all test,0.05,0.01147644942464669,0.49095295536791317,0.051597051597051594
cm,all test,0.05,0.011582656961967627,0.49336550060313633,0.05134474327628362
cm,all test,0.05,0.011638532573907706,0.4969843184559711,0.050970873786407765
cm,all test,0.05,0.011700768967342162,0.49939686369119424,0.050724637681159424
cm,all test,0.05,0.011736666173618075,0.5018094089264173,0.05048076923076923
cm,all test,0.05,0.011784048803907796,0.5054282267792521,0.050119331742243436
cm,all test,0.05,0.011805668861490853,0.5078407720144753,0.0498812351543943
cm,all test,0.05,0.01186582388242422,0.5102533172496985,0.04964539007092199
cm,all test,0.05,0.011920703642877027,0.5138721351025332,0.04929577464788732
cm,all test,0.05,0.011997452196677486,0.5162846803377563,0.04906542056074766
cm,all test,0.05,0.012076457368443285,0.5199034981905911,0.048723897911832945
cm,all test,0.05,0.012161360532299938,0.5223160434258143,0.04849884526558892
cm,all test,0.05,0.01249716139685896,0.5247285886610374,0.04827586206896552
cm,all test,0.05,0.01257334896289557,0.5283474065138721,0.04794520547945205
cm,all test,0.05,0.01260548238613742,0.5307599517490953,0.04772727272727273
cm,all test,0.05,0.012657917742518903,0.5331724969843185,0.04751131221719457
cm,all test,0.05,0.012783586081171035,0.5367913148371531,0.04719101123595506
cm,all test,0.05,0.012993828439582276,0.5392038600723763,0.04697986577181208
cm,all test,0.05,0.013239673535263579,0.5416164053075995,0.0467706013363029
cm,all test,0.05,0.013454295044347656,0.5452352231604343,0.046460176991150445
cm,all test,0.05,0.013521354198377461,0.5476477683956574,0.046255506607929514
cm,all test,0.05,0.013595637786990486,0.5500603136308806,0.046052631578947366
cm,all test,0.05,0.014029976582038518,0.5536791314837153,0.0457516339869281
cm,all test,0.05,0.014566769107915548,0.5560916767189384,0.0455531453362256
cm,all test,0.05,0.01464583843427856,0.5585042219541616,0.04535637149028078
cm,all test,0.05,0.015087719547621855,0.5621230398069964,0.045064377682403435
cm,all test,0.05,0.015160869570520786,0.5645355850422196,0.04487179487179487
cm,all test,0.05,0.015519772219038958,0.5669481302774427,0.04680851063829787
cm,all test,0.05,0.015982300871308065,0.5705669481302774,0.046511627906976744
cm,all test,0.05,0.0160942611688658,0.5729794933655006,0.04631578947368421
cm,all test,0.05,0.016262076863238977,0.5753920386007237,0.04612159329140461
cm,all test,0.05,0.01665837320976778,0.5790108564535585,0.04583333333333333
cm,all test,0.05,0.01694362644362646,0.5814234016887817,0.04564315352697095
cm,all test,0.05,0.017106150346302577,0.5838359469240049,0.045454545454545456
cm,all test,0.05,0.017791202885328757,0.5874547647768396,0.045174537987679675
cm,all test,0.05,0.018085214287654392,0.5898673100120627,0.049079754601226995
cm,all test,0.05,0.018391695153959695,0.5922798552472859,0.048879837067209775
cm,all test,0.05,0.01861452894536082,0.5958986731001207,0.048582995951417005
cm,all test,0.05,0.019547735130844353,0.5983112183353438,0.04838709677419355
cm,all test,0.05,0.019828703814913244,0.6007237635705669,0.04819277108433735
cm,all test,0.05,0.020381534947650548,0.6043425814234017,0.04790419161676647
cm,all test,0.05,0.020490129637072002,0.6067551266586249,0.04771371769383698
cm,all test,0.05,0.020646559170047624,0.609167671893848,0.047524752475247525
cm,all test,0.05,0.02142939085489832,0.6127864897466827,0.047244094488188976
cm,all test,0.05,0.022375367122246397,0.6151990349819059,0.047058823529411764
cm,all test,0.05,0.022612084209703207,0.617611580217129,0.048828125
cm,all test,0.05,0.023338011058877818,0.6212303980699638,0.04854368932038835
cm,all test,0.05,0.023841814307130154,0.623642943305187,0.048355899419729204
cm,all test,0.05,0.025133581303246038,0.6260554885404102,0.04816955684007707
cm,all test,0.05,0.025937195766878172,0.6296743063932448,0.04789272030651341
cm,all test,0.05,0.02616156680979851,0.632086851628468,0.04770992366412214
cm,all test,0.05,0.026628512108854252,0.6344993968636912,0.04752851711026616
cm,all test,0.05,0.027156961357605532,0.638118214716526,0.04725897920604915
cm,all test,0.05,0.02764174778089119,0.6405307599517491,0.047080979284369114
cm,all test,0.05,0.02833621759656793,0.6441495778045838,0.04868913857677903
cm,all test,0.05,0.02863139083783307,0.646562123039807,0.048507462686567165
cm,all test,0.05,0.029119472019104385,0.6489746682750301,0.048327137546468404
cm,all test,0.05,0.030469255050010347,0.6525934861278649,0.04805914972273567
cm,all test,0.05,0.03115336546588975,0.6550060313630881,0.04788213627992634
cm,all test,0.05,0.031230532617937446,0.6574185765983113,0.047706422018348627
cm,all test,0.05,0.032273779296380097,0.661037394451146,0.051094890510948905
cm,all test,0.05,0.033063139822583874,0.6634499396863691,0.05090909090909091
cm,all test,0.05,0.033910619367512676,0.6658624849215923,0.050724637681159424
cm,all test,0.05,0.03619151750097627,0.669481302774427,0.05225225225225225
cm,all test,0.05,0.03683032084780293,0.6718938480096501,0.05385996409335727
cm,all test,0.05,0.03844881730764752,0.6743063932448733,0.05366726296958855
cm,all test,0.05,0.040589557240064834,0.6779252110977081,0.05338078291814947
cm,all test,0.05,0.04288607725100879,0.6803377563329313,0.05319148936170213
cm,all test,0.05,0.04341374387976684,0.6827503015681544,0.054770318021201414
cm,all test,0.05,0.045447011135592144,0.6863691194209891,0.054481546572934976
cm,all test,0.05,0.046961747741051774,0.6887816646562123,0.05604203152364273
cm,all test,0.05,0.04754183252862664,0.6911942098914354,0.055846422338568937
cm,all test,0.05,0.048352503372879725,0.6948130277442702,0.057291666666666664
cm,all test,0.05,0.04934336714850312,0.6972255729794934,0.05709342560553633
cm,all test,0.05,0.050413073613303015,0.6996381182147166,0.05862068965517241
cm,all test,0.05,0.052991055145481275,0.7032569360675512,0.060034305317324184
cm,all test,0.05,0.055328352107488626,0.7056694813027744,0.05982905982905983
cm,all test,0.05,0.060367318716788944,0.7080820265379976,0.06132879045996593
cm,all test,0.05,0.0708471839273388,0.7117008443908324,0.06271186440677966
cm,all test,0.05,0.07154948874454471,0.7141133896260555,0.0625
cm,all test,0.05,0.07254851177360377,0.7165259348612787,0.06228956228956229
cm,all test,0.05,0.08038068181186937,0.7201447527141134,0.06197654941373534
cm,all test,0.05,0.08713573187219441,0.7225572979493365,0.06176961602671119
cm,all test,0.05,0.08844245983485567,0.7249698431845597,0.06156405990016639
cm,all test,0.05,0.09263698626339224,0.7285886610373945,0.061258278145695365
cm,all test,0.05,0.09613051520413415,0.7310012062726177,0.0627062706270627
cm,all test,0.05,0.10215996297038736,0.7334137515078407,0.0625
cm,all test,0.05,0.10491598728980339,0.7370325693606755,0.06382978723404255
cm,all test,0.05,0.10687260344157062,0.7394451145958987,0.0636215334420881
cm,all test,0.05,0.11139239605559136,0.7418576598311218,0.06341463414634146
cm,all test,0.05,0.11922966122440358,0.7454764776839565,0.06310679611650485
cm,all test,0.05,0.12428916848285305,0.7478890229191797,0.06451612903225806
cm,all test,0.05,0.1308139084929651,0.7503015681544029,0.06591639871382636
cm,all test,0.05,0.13464224135425965,0.7539203860072377,0.0672
cm,all test,0.05,0.135294826799934,0.7563329312424608,0.0685805422647528
cm,all test,0.05,0.1366146442990824,0.7599517490952955,0.06825396825396825
cm,all test,0.05,0.14341792663597572,0.7623642943305187,0.06962025316455696
cm,all test,0.05,0.14645258522634805,0.7647768395657418,0.07097791798107256
cm,all test,0.05,0.15486855811241623,0.7683956574185766,0.07221350078492936
cm,all test,0.05,0.16192261259903196,0.7708082026537998,0.07198748043818466
cm,all test,0.05,0.1688800330628845,0.773220747889023,0.0717628705148206
cm,all test,0.05,0.1706109978867898,0.7768395657418576,0.07142857142857142
cm,all test,0.05,0.17150820780546394,0.7792521109770808,0.07275541795665634
cm,all test,0.05,0.17292371929844985,0.781664656212304,0.07407407407407407
cm,all test,0.05,0.18445410487121514,0.7852834740651388,0.07526881720430108
cm,all test,0.05,0.1859417968386604,0.7876960193003619,0.07656967840735068
cm,all test,0.05,0.1909708032624159,0.7901085645355851,0.07633587786259542
cm,all test,0.05,0.20222354287729055,0.7937273823884198,0.0790273556231003
cm,all test,0.05,0.22298630118795068,0.7961399276236429,0.0803030303030303
cm,all test,0.05,0.22630170558551027,0.7985524728588661,0.08157099697885196
cm,all test,0.05,0.2325552778851872,0.8021712907117008,0.081203007518797
cm,all test,0.05,0.2697226714268894,0.804583835946924,0.08095952023988005
cm,all test,0.05,0.27142430039998267,0.8069963811821471,0.08370702541106129
cm,all test,0.05,0.27922897454645895,0.8106151990349819,0.08482142857142858
cm,all test,0.05,0.28539279287002545,0.8130277442702051,0.08456973293768547
cm,all test,0.05,0.2869436845164951,0.8154402895054282,0.08431952662721894
cm,all test,0.05,0.29879155653221384,0.8190591073582629,0.08541973490427099
cm,all test,0.05,0.3027376947795683,0.8214716525934861,0.08516886930983847
cm,all test,0.05,0.31348643251048997,0.8238841978287093,0.0849194729136164
cm,all test,0.05,0.33175110319876777,0.827503015681544,0.08600583090379009
cm,all test,0.05,0.3437318527097659,0.8299155609167672,0.08575581395348837
cm,all test,0.05,0.3558009873825266,0.8323281061519904,0.08695652173913043
cm,all test,0.05,0.3662441109779073,0.8359469240048251,0.08802308802308802
cm,all test,0.05,0.3855626250568079,0.8383594692400482,0.08776978417266187
cm,all test,0.05,0.40005479592647336,0.8407720144752714,0.08751793400286945
cm,all test,0.05,0.4048083827569213,0.8443908323281062,0.08714285714285715
cm,all test,0.05,0.40861701209267143,0.8468033775633294,0.08974358974358974
cm,all test,0.05,0.41669443289758434,0.8492159227985525,0.08948863636363637
cm,all test,0.05,0.43177258230537857,0.8528347406513872,0.09193776520509193
cm,all test,0.05,0.4373278573911364,0.8552472858866104,0.09449929478138223
cm,all test,0.05,0.44710269096993055,0.8576598311218335,0.09563994374120956
cm,all test,0.05,0.44957397149216666,0.8612786489746683,0.09803921568627451
cm,all test,0.05,0.4526018961653509,0.8636911942098915,0.09776536312849161
cm,all test,0.05,0.46016688438262243,0.8661037394451147,0.10027855153203342
cm,all test,0.05,0.47397532256891983,0.8697225572979493,0.09986130374479889
cm,all test,0.05,0.5118833533078766,0.8721351025331725,0.10096818810511757
cm,all test,0.05,0.5211562315383489,0.8745476477683957,0.1006896551724138
cm,all test,0.05,0.5346979937038888,0.8781664656212304,0.10302197802197802
cm,all test,0.05,0.5414177425996465,0.8805790108564535,0.10410958904109589
cm,all test,0.05,0.5468321825858384,0.8841978287092883,0.10504774897680765
cm,all test,0.05,0.5480471076388745,0.8866103739445115,0.10612244897959183
cm,all test,0.05,0.5542530041915508,0.8890229191797346,0.10719131614654002
cm,all test,0.05,0.5695307272668556,0.8926417370325693,0.10945945945945947
cm,all test,0.05,0.5757537386374126,0.8950542822677925,0.1091644204851752
cm,all test,0.05,0.6160926066191081,0.8974668275030157,0.11021505376344086
cm,all test,0.05,0.6398875997547043,0.9010856453558505,0.11378848728246319
cm,all test,0.05,0.6480528841723886,0.9034981905910736,0.11481975967957277
cm,all test,0.05,0.6505973823703809,0.9059107358262968,0.11584553928095873
cm,all test,0.05,0.6559578027046337,0.9095295536791315,0.11936339522546419
cm,all test,0.05,0.6663057885219172,0.9119420989143546,0.12169312169312169
cm,all test,0.05,0.6679667775054455,0.9143546441495778,0.12401055408970976
cm,all test,0.05,0.6888123724607056,0.9179734620024126,0.12352168199737187
cm,all test,0.05,0.6991485671711277,0.9203860072376358,0.12450851900393185
cm,all test,0.05,0.7093884705044986,0.9227985524728589,0.12679738562091503
cm,all test,0.05,0.7226967826311532,0.9264173703256936,0.12890625
cm,all test,0.05,0.7264056380504772,0.9288299155609168,0.12987012987012986
cm,all test,0.05,0.7294362756710784,0.9312424607961399,0.13082901554404144
cm,all test,0.05,0.7339984648501965,0.9348612786489746,0.13419354838709677
cm,all test,0.05,0.7359573335176862,0.9372738238841978,0.1364221364221364
cm,all test,0.05,0.7390409426499395,0.9396863691194209,0.13735558408215662
cm,all test,0.05,0.7454851544208912,0.9433051869722557,0.14066496163682865
cm,all test,0.05,0.7480910609331272,0.9457177322074789,0.14285714285714285
cm,all test,0.05,0.75423505708813,0.9481302774427021,0.14376590330788805
cm,all test,0.05,0.7604001091503946,0.9517490952955368,0.14575411913814956
cm,all test,0.05,0.7625634454830871,0.9541616405307599,0.14664981036662453
cm,all test,0.05,0.7637369604995925,0.9565741857659831,0.14754098360655737
cm,all test,0.05,0.7700577745625271,0.9601930036188179,0.14949748743718594
cm,all test,0.05,0.7800399511680658,0.962605548854041,0.15162907268170425
cm,all test,0.05,0.780728448499265,0.9650180940892642,0.15375
cm,all test,0.05,0.7849171968382652,0.9686369119420989,0.15566625155666253
cm,all test,0.05,0.7863141102165201,0.971049457177322,0.1577639751552795
cm,all test,0.05,0.7871268572468548,0.9734620024125452,0.15737298636926889
cm,all test,0.05,0.7896369229189023,0.97708082026538,0.1580246913580247
cm,all test,0.05,0.7952557496475998,0.9794933655006032,0.15886699507389163
cm,all test,0.05,0.7981159407285502,0.9819059107358263,0.15847665847665848
cm,all test,0.05,0.802062618162679,0.985524728588661,0.16034271725826194
cm,all test,0.05,0.8023723653298689,0.9879372738238842,0.1623931623931624
cm,all test,0.05,0.804512586090413,0.9903498190591074,0.16443361753958588
cm,all test,0.05,0.8102378679202809,0.9939686369119421,0.1662621359223301
cm,all test,0.05,0.8136207679857466,0.9963811821471653,0.1682808716707022
cm,all test,0.05,0.819371692756889,1.0,0.1712907117008444
en,all test,0.01,0.0,0.5860683188211654,0.004571428571428572
en,all test,0.01,0.0193387249182183,0.5867381111855325,0.0045662100456621
en,all test,0.01,0.019511789050257817,0.5880776959142666,0.004555808656036446
en,all test,0.01,0.020337836258272915,0.5894172806430007,0.004545454545454545
en,all test,0.01,0.02068764085270883,0.5907568653717348,0.0045351473922902496
en,all test,0.01,0.02094439558415193,0.5920964501004689,0.004524886877828055
en,all test,0.01,0.021531251830788238,0.5934360348292029,0.004514672686230248
en,all test,0.01,0.021707022825974108,0.594775619557937,0.0045045045045045045
en,all test,0.01,0.021775870605054762,0.5961152042866711,0.0044943820224719105
en,all test,0.01,0.02189143291717018,0.5974547890154053,0.004484304932735426
en,all test,0.01,0.022055865063516256,0.5987943737441394,0.0044742729306487695
en,all test,0.01,0.022210386242655086,0.6001339584728734,0.004464285714285714
en,all test,0.01,0.022235120985570008,0.6014735432016075,0.004454342984409799
en,all test,0.01,0.022516777387131114,0.6028131279303416,0.0044444444444444444
en,all test,0.01,0.022601184153635715,0.6041527126590757,0.004434589800443459
en,all test,0.01,0.022865248743573142,0.6061620897521768,0.004419889502762431
en,all test,0.01,0.02289913989847172,0.607501674480911,0.004410143329658214
en,all test,0.01,0.023003780436179143,0.608841259209645,0.005500550055005501
en,all test,0.01,0.02308904332754409,0.6101808439383791,0.005488474204171241
en,all test,0.01,0.023237521227772912,0.6115204286671132,0.00547645125958379
en,all test,0.01,0.02324780591559368,0.6128600133958473,0.00546448087431694
en,all test,0.01,0.02332725296762276,0.6141995981245814,0.0054525627044711015
en,all test,0.01,0.023458962704449606,0.6155391828533154,0.00544069640914037
en,all test,0.01,0.02352972599207163,0.6168787675820495,0.0054288816503800215
en,all test,0.01,0.023674561590278694,0.6182183523107837,0.005417118093174431
en,all test,0.01,0.02372421595235126,0.6195579370395178,0.005405405405405406
en,all test,0.01,0.02375501032555974,0.6208975217682519,0.005393743257820928
en,all test,0.01,0.02396929605988811,0.6222371064969859,0.005382131324004306
en,all test,0.01,0.02404019498619033,0.62357669122572,0.0053705692803437165
en,all test,0.01,0.024208974532804312,0.6255860683188211,0.0053533190578158455
en,all test,0.01,0.024237359366530254,0.6269256530475552,0.005341880341880342
en,all test,0.01,0.02425813904086786,0.6282652377762894,0.005330490405117271
en,all test,0.01,0.024272159205337616,0.6296048225050235,0.005319148936170213
en,all test,0.01,0.024339805155587358,0.6309444072337576,0.005307855626326964
en,all test,0.01,0.02437266505697195,0.6322839919624916,0.005296610169491525
en,all test,0.01,0.024493434832723274,0.6336235766912257,0.005285412262156448
en,all test,0.01,0.024629536778864185,0.6349631614199598,0.005274261603375527
en,all test,0.01,0.02477537691106925,0.6363027461486939,0.005263157894736842
en,all test,0.01,0.024838800205614773,0.6376423308774279,0.005252100840336135
en,all test,0.01,0.024861253777405407,0.6389819156061621,0.005241090146750524
en,all test,0.01,0.024906313151641445,0.6403215003348962,0.005230125523012552
en,all test,0.01,0.025001049709755453,0.6416610850636303,0.005219206680584551
en,all test,0.01,0.025053296899734484,0.6430006697923644,0.005208333333333333
en,all test,0.01,0.02534361519183105,0.6450100468854655,0.005192107995846314
en,all test,0.01,0.025399235765319297,0.6463496316141996,0.0051813471502590676
en,all test,0.01,0.025428430687891444,0.6476892163429336,0.005170630816959669
en,all test,0.01,0.025543979843645575,0.6490288010716678,0.005159958720330237
en,all test,0.01,0.025572661576687042,0.6503683858004019,0.005149330587023687
en,all test,0.01,0.025611740909240163,0.651707970529136,0.0051387461459403904
en,all test,0.01,0.025623444079908485,0.6530475552578701,0.005128205128205128
en,all test,0.01,0.02565265511892303,0.6543871399866041,0.00511770726714432
en,all test,0.01,0.025693826309113064,0.6557267247153382,0.005107252298263534
en,all test,0.01,0.02572149646279133,0.6570663094440723,0.0050968399592252805
en,all test,0.01,0.02576079064257105,0.6584058941728065,0.00508646998982706
en,all test,0.01,0.025789216745795217,0.6597454789015406,0.005076142131979695
en,all test,0.01,0.0258563859323026,0.6610850636302746,0.005065856129685917
en,all test,0.01,0.02594959698559661,0.6624246483590087,0.005055611729019211
en,all test,0.01,0.025981922462701892,0.6644340254521098,0.005040322580645161
en,all test,0.01,0.02599632786685148,0.6657736101808439,0.005030181086519115
en,all test,0.01,0.02601973511934907,0.667113194909578,0.0050200803212851405
en,all test,0.01,0.026144377785057217,0.6684527796383122,0.00501002004008016
en,all test,0.01,0.026155248075082203,0.6697923643670463,0.005
en,all test,0.01,0.026194148327824393,0.6711319490957803,0.00499001996007984
en,all test,0.01,0.026233420939389348,0.6724715338245144,0.0049800796812749
en,all test,0.01,0.026265730762191263,0.6738111185532485,0.004970178926441352
en,all test,0.01,0.026285756757147845,0.6751507032819826,0.00496031746031746
en,all test,0.01,0.026308751273803044,0.6764902880107166,0.0049504950495049506
en,all test,0.01,0.02634863934696154,0.6778298727394507,0.004940711462450593
en,all test,0.01,0.026420647376694983,0.6791694574681849,0.004930966469428008
en,all test,0.01,0.026536779698215048,0.680509042196919,0.004921259842519685
en,all test,0.01,0.026576332211441553,0.6818486269256531,0.004911591355599214
en,all test,0.01,0.02661306980453498,0.6831882116543871,0.004901960784313725
en,all test,0.01,0.02663569439819655,0.6851975887474883,0.005865102639296188
en,all test,0.01,0.026703990328089417,0.6865371734762223,0.005853658536585366
en,all test,0.01,0.026805474956539496,0.6878767582049564,0.005842259006815969
en,all test,0.01,0.026923376794502775,0.6892163429336906,0.0058309037900874635
en,all test,0.01,0.026967036334961638,0.6905559276624247,0.005819592628516004
en,all test,0.01,0.027008455077114944,0.6918955123911588,0.005808325266214908
en,all test,0.01,0.027043090596747938,0.6932350971198928,0.005797101449275362
en,all test,0.01,0.027052146803104603,0.6945746818486269,0.0057859209257473485
en,all test,0.01,0.02709856732581039,0.695914266577361,0.005774783445620789
en,all test,0.01,0.02713260422595775,0.6972538513060951,0.005763688760806916
en,all test,0.01,0.027205500909626052,0.6985934360348292,0.005752636625119847
en,all test,0.01,0.027214963359266056,0.6999330207635633,0.005741626794258373
en,all test,0.01,0.02729312865120244,0.7012726054922974,0.0057306590257879654
en,all test,0.01,0.027349548065137765,0.7026121902210315,0.005719733079122974
en,all test,0.01,0.027425211056891573,0.7046215673141326,0.005703422053231939
en,all test,0.01,0.027455649542128552,0.7059611520428667,0.0056925996204933585
en,all test,0.01,0.02748545333591138,0.7073007367716008,0.005681818181818182
en,all test,0.01,0.027546813546543286,0.7086403215003348,0.005671077504725898
en,all test,0.01,0.027610076900141084,0.709979906229069,0.005660377358490566
en,all test,0.01,0.02776253501498122,0.7113194909578031,0.005649717514124294
en,all test,0.01,0.027773796403073453,0.7126590756865372,0.005639097744360902
en,all test,0.01,0.027861828238748002,0.7139986604152713,0.005628517823639775
en,all test,0.01,0.027905485041358768,0.7153382451440053,0.0056179775280898875
en,all test,0.01,0.027951132785147166,0.7166778298727394,0.005607476635514018
en,all test,0.01,0.027977011977085995,0.7180174146014735,0.005597014925373134
en,all test,0.01,0.028035189158393477,0.7193569993302076,0.00558659217877095
en,all test,0.01,0.02807841488656242,0.7206965840589418,0.0055762081784386614
en,all test,0.01,0.02823118485781286,0.7220361687876758,0.0055658627087198514
en,all test,0.01,0.028322912926653693,0.724045545880777,0.005550416281221091
en,all test,0.01,0.02841464032556838,0.725385130609511,0.00554016620498615
en,all test,0.01,0.02842260962035167,0.7267247153382451,0.005529953917050691
en,all test,0.01,0.02849636531414894,0.7280643000669792,0.005519779208831647
en,all test,0.01,0.02858794367572763,0.7294038847957133,0.005509641873278237
en,all test,0.01,0.028618540803127864,0.7307434695244475,0.005499541704857928
en,all test,0.01,0.02867598136646585,0.7320830542531815,0.0054894784995425435
en,all test,0.01,0.028692973968555517,0.7334226389819156,0.005479452054794521
en,all test,0.01,0.02874591172522533,0.7347622237106497,0.0054694621695533276
en,all test,0.01,0.028765193662730705,0.7361018084393838,0.00545950864422202
en,all test,0.01,0.02885818524816286,0.7374413931681179,0.005449591280653951
en,all test,0.01,0.028972940622980718,0.7387809778968519,0.005439709882139619
en,all test,0.01,0.02913097795957498,0.7401205626255861,0.005429864253393665
en,all test,0.01,0.029170473243530864,0.7414601473543202,0.005420054200542005
en,all test,0.01,0.02921212956692735,0.7434695244474213,0.005405405405405406
en,all test,0.01,0.02925188467757577,0.7448091091761554,0.00539568345323741
en,all test,0.01,0.029399190435224588,0.7461486939048895,0.005385996409335727
en,all test,0.01,0.029531300414596156,0.7474882786336235,0.005376344086021506
en,all test,0.01,0.029648553090028,0.7488278633623576,0.005366726296958855
en,all test,0.01,0.029687517569104347,0.7501674480910918,0.005357142857142857
en,all test,0.01,0.029849998885312718,0.7515070328198259,0.0053475935828877
en,all test,0.01,0.02994921418463158,0.75284661754856,0.005338078291814947
en,all test,0.01,0.030045763783998022,0.754186202277294,0.0053285968028419185
en,all test,0.01,0.030077688978157307,0.7555257870060281,0.005319148936170213
en,all test,0.01,0.030228674540867445,0.7568653717347622,0.005309734513274336
en,all test,0.01,0.030353807884019927,0.7582049564634963,0.00530035335689046
en,all test,0.01,0.030411239816249325,0.7595445411922304,0.005291005291005291
en,all test,0.01,0.030529649233795517,0.7608841259209645,0.00528169014084507
en,all test,0.01,0.03066600439349238,0.7622237106496986,0.005272407732864675
en,all test,0.01,0.03087162640539532,0.7642330877427997,0.0052585451358457495
en,all test,0.01,0.030989948950952913,0.7655726724715338,0.005249343832020997
en,all test,0.01,0.03121749125452577,0.7669122572002679,0.005240174672489083
en,all test,0.01,0.03128009276931578,0.768251841929002,0.0052310374891020054
en,all test,0.01,0.03142032799091266,0.769591426657736,0.006092254134029591
en,all test,0.01,0.03160037342381411,0.7709310113864702,0.006081668114682885
en,all test,0.01,0.03174211417015983,0.7722705961152043,0.006938421509106678
en,all test,0.01,0.03175435157105861,0.7736101808439384,0.006926406926406926
en,all test,0.01,0.03185349284224726,0.7749497655726725,0.006914433880726016
en,all test,0.01,0.031909174177868184,0.7762893503014066,0.006902502157031924
en,all test,0.01,0.03234920597912835,0.7776289350301406,0.0068906115417743325
en,all test,0.01,0.03247373012414586,0.7789685197588747,0.006878761822871883
en,all test,0.01,0.03250389409791701,0.7803081044876088,0.0068669527896995704
en,all test,0.01,0.032562959577847474,0.781647689216343,0.007712082262210797
en,all test,0.01,0.03276151407351626,0.7836570663094441,0.007692307692307693
en,all test,0.01,0.0331269134558531,0.7849966510381782,0.007679180887372013
en,all test,0.01,0.033225922313661685,0.7863362357669123,0.007666098807495741
en,all test,0.01,0.03332056881860973,0.7876758204956463,0.007653061224489796
en,all test,0.01,0.03348990259660308,0.7890154052243804,0.007640067911714771
en,all test,0.01,0.03432892426388804,0.7903549899531145,0.007627118644067797
en,all test,0.01,0.03445185883038047,0.7916945746818487,0.008460236886632826
en,all test,0.01,0.03480381768771662,0.7930341594105828,0.008445945945945946
en,all test,0.01,0.0352687837253182,0.7943737441393168,0.008431703204047217
en,all test,0.01,0.03561288349352231,0.7957133288680509,0.008417508417508417
en,all test,0.01,0.035877701395117687,0.797052913596785,0.008403361344537815
en,all test,0.01,0.036107874793109423,0.7983924983255191,0.008389261744966443
en,all test,0.01,0.036707533787128876,0.7997320830542531,0.008375209380234505
en,all test,0.01,0.03697469033082144,0.8010716677829873,0.008361204013377926
en,all test,0.01,0.037469135829939694,0.8030810448760884,0.008340283569641367
en,all test,0.01,0.0385196976376108,0.8044206296048225,0.009159034138218152
en,all test,0.01,0.03936193427594229,0.8057602143335566,0.00997506234413965
en,all test,0.01,0.0400636902123725,0.8070997990622907,0.00995850622406639
en,all test,0.01,0.04067206814748927,0.8084393837910248,0.009942004971002486
en,all test,0.01,0.040971090229850245,0.8097789685197588,0.010752688172043012
en,all test,0.01,0.04121965136218489,0.8111185532484929,0.011560693641618497
en,all test,0.01,0.04222547918259849,0.8124581379772271,0.011541632316570486
en,all test,0.01,0.04314779095017476,0.8137977227059612,0.011522633744855968
en,all test,0.01,0.043552946001115866,0.8151373074346953,0.012325390304026294
en,all test,0.01,0.04367912081185567,0.8164768921634293,0.012305168170631665
en,all test,0.01,0.044614519307601484,0.8178164768921634,0.012285012285012284
en,all test,0.01,0.046612750470688614,0.8191560616208975,0.012264922322158627
en,all test,0.01,0.04747095076629663,0.8204956463496316,0.013061224489795919
en,all test,0.01,0.04857488980167911,0.8225050234427328,0.013029315960912053
en,all test,0.01,0.04965997206907558,0.8238446081714669,0.013821138211382113
en,all test,0.01,0.050992914094179075,0.825184192900201,0.013798701298701298
en,all test,0.01,0.051301868918009655,0.826523777628935,0.013776337115072933
en,all test,0.01,0.052328682586182354,0.8278633623576691,0.013754045307443365
en,all test,0.01,0.05353564685715439,0.8292029470864032,0.015347334410339256
en,all test,0.01,0.05527220425645647,0.8305425318151373,0.016129032258064516
en,all test,0.01,0.05683300866555701,0.8318821165438715,0.016908212560386472
en,all test,0.01,0.06015087689212598,0.8332217012726055,0.018488745980707395
en,all test,0.01,0.061549137893806075,0.8345612860013396,0.018459069020866775
en,all test,0.01,0.06512380304441101,0.8359008707300737,0.019230769230769232
en,all test,0.01,0.06630777739248206,0.8372404554588078,0.0192
en,all test,0.01,0.06758855808840562,0.8385800401875418,0.019169329073482427
en,all test,0.01,0.07247363274765978,0.8399196249162759,0.019936204146730464
en,all test,0.01,0.07939757222097808,0.84125920964501,0.020700636942675158
en,all test,0.01,0.09193703155833974,0.8432685867381112,0.021445591739475776
en,all test,0.01,0.09935641018114771,0.8446081714668453,0.022204599524187154
en,all test,0.01,0.1086974953648434,0.8459477561955794,0.023752969121140142
en,all test,0.01,0.1143141060047432,0.8472873409243135,0.023715415019762844
en,all test,0.01,0.11468290250468058,0.8486269256530475,0.0244672454617206
en,all test,0.01,0.1292765349615273,0.8499665103817816,0.026004728132387706
en,all test,0.01,0.1445119134017406,0.8513060951105157,0.02753737214791503
en,all test,0.01,0.15139960665410548,0.8526456798392499,0.028279654359780047
en,all test,0.01,0.17871301655480093,0.853985264567984,0.02980392156862745
en,all test,0.01,0.19471651237763055,0.855324849296718,0.030540328895849646
en,all test,0.01,0.2082025429732105,0.8566644340254521,0.03127443315089914
en,all test,0.01,0.22209865858187028,0.8580040187541862,0.0312256049960968
en,all test,0.01,0.2371650059455916,0.8593436034829203,0.03273577552611068
en,all test,0.01,0.2683802980119097,0.8606831882116543,0.03346303501945525
en,all test,0.01,0.29668834466974797,0.8626925653047556,0.03571428571428571
en,all test,0.01,0.33030807180960475,0.8640321500334897,0.03643410852713178
en,all test,0.01,0.33870037331532904,0.8653717347622237,0.03637770897832817
en,all test,0.01,0.36224207226149463,0.8667113194909578,0.03709428129829984
en,all test,0.01,0.386638625535853,0.8680509042196919,0.03780864197530864
en,all test,0.01,0.3918864258558738,0.869390488948426,0.03852080123266564
en,all test,0.01,0.43414536420302535,0.87073007367716,0.04
en,all test,0.01,0.4891129236956941,0.8720696584058941,0.040706605222734255
en,all test,0.01,0.518336675845874,0.8734092431346283,0.04141104294478527
en,all test,0.01,0.5759692039166158,0.8747488278633624,0.04211332312404288
en,all test,0.01,0.6057755011911995,0.8760884125920965,0.04281345565749235
en,all test,0.01,0.610070727852446,0.8774279973208305,0.044274809160305344
en,all test,0.01,0.6778139679560952,0.8787675820495646,0.04573170731707317
en,all test,0.01,0.6884174931765916,0.8801071667782987,0.0471841704718417
en,all test,0.01,0.7398361003849162,0.8821165438713998,0.04935459377372817
en,all test,0.01,0.7609190446098262,0.883456128600134,0.05079605761940864
en,all test,0.01,0.7697448812268072,0.8847957133288681,0.05147615442846329
en,all test,0.01,0.7801903972310348,0.8861352980576022,0.05139833711262283
en,all test,0.01,0.8087002996022673,0.8874748827863362,0.052830188679245285
en,all test,0.01,0.8179842394659551,0.8888144675150703,0.05275056518462698
en,all test,0.01,0.8367184814682028,0.8901540522438044,0.05417607223476298
en,all test,0.01,0.8533909884407381,0.8914936369725385,0.05559729526671676
en,all test,0.01,0.8592827358156514,0.8928332217012726,0.05701425356339085
en,all test,0.01,0.8699430749314886,0.8941728064300067,0.058426966292134834
en,all test,0.01,0.8797789286664437,0.8955123911587408,0.05983545250560957
en,all test,0.01,0.8902033714685343,0.8968519758874749,0.061239731142643763
en,all test,0.01,0.8948682671433574,0.898191560616209,0.06263982102908278
en,all test,0.01,0.8998163221741435,0.899531145344943,0.06329113924050633
en,all test,0.01,0.9189479443079233,0.9015405224380442,0.06537890044576523
en,all test,0.01,0.9255234762886208,0.9028801071667782,0.06602373887240356
en,all test,0.01,0.9277013885251525,0.9042196918955124,0.06666666666666667
en,all test,0.01,0.9313482286636975,0.9055592766242465,0.06804733727810651
en,all test,0.01,0.9452761180877665,0.9068988613529806,0.06942392909896603
en,all test,0.01,0.948549510611495,0.9082384460817147,0.07079646017699115
en,all test,0.01,0.9495425931893182,0.9095780308104487,0.07216494845360824
en,all test,0.01,0.9506610430257554,0.9109176155391828,0.07352941176470588
en,all test,0.01,0.953372229399991,0.9122572002679169,0.07415565345080763
en,all test,0.01,0.9565912809923816,0.9135967849966511,0.0747800586510264
en,all test,0.01,0.9591789498047962,0.9149363697253852,0.07540263543191801
en,all test,0.01,0.9626358277913346,0.9162759544541192,0.07675438596491228
en,all test,0.01,0.9637769360828049,0.9176155391828533,0.07737226277372262
en,all test,0.01,0.9672006181507957,0.9189551239115874,0.07871720116618076
en,all test,0.01,0.9719308149077854,0.9202947086403215,0.08005822416302766
en,all test,0.01,0.9744392345713574,0.9223040857334226,0.08206245461147423
en,all test,0.01,0.9758596007974376,0.9236436704621568,0.0826686004350979
en,all test,0.01,0.9777328173122016,0.9249832551908909,0.0832729905865315
en,all test,0.01,0.9793699894687187,0.9263228399196249,0.08459869848156182
en,all test,0.01,0.9810502714792444,0.927662424648359,0.08592057761732852
en,all test,0.01,0.9818353515271273,0.9290020093770931,0.08723864455659697
en,all test,0.01,0.9826337829671189,0.9303415941058272,0.08855291576673865
en,all test,0.01,0.9836635017248013,0.9316811788345613,0.08986340762041696
en,all test,0.01,0.9848158372486628,0.9330207635632953,0.09117013639626705
en,all test,0.01,0.9859275000538378,0.9343603482920295,0.09247311827956989
en,all test,0.01,0.9862899772083255,0.9356999330207636,0.09377236936292055
en,all test,0.01,0.9864164068157915,0.9370395177494977,0.09506790564689063
en,all test,0.01,0.9868426393805682,0.9383791024782318,0.09635974304068523
en,all test,0.01,0.9874594486238047,0.9397186872069658,0.09764789736279401
en,all test,0.01,0.9884081573803386,0.941728064300067,0.09957325746799431
en,all test,0.01,0.9899429417564668,0.943067649028801,0.10085227272727272
en,all test,0.01,0.9903419163878951,0.9444072337575352,0.10212765957446808
en,all test,0.01,0.9904774587707403,0.9457468184862693,0.10339943342776203
en,all test,0.01,0.9906182421820753,0.9470864032150034,0.10466760961810467
en,all test,0.01,0.9907383723402571,0.9484259879437374,0.1059322033898305
en,all test,0.01,0.9909720166136629,0.9497655726724715,0.1071932299012694
en,all test,0.01,0.9918503555925933,0.9511051574012056,0.10845070422535211
en,all test,0.01,0.9918911580191071,0.9524447421299397,0.10970464135021098
en,all test,0.01,0.9920416537606185,0.9537843268586738,0.11095505617977527
en,all test,0.01,0.9921540785774929,0.955123911587408,0.11220196353436185
en,all test,0.01,0.9922209633506115,0.956463496316142,0.1134453781512605
en,all test,0.01,0.9924379065744806,0.9578030810448761,0.11468531468531469
en,all test,0.01,0.9925469390516896,0.9591426657736102,0.11522346368715083
en,all test,0.01,0.9927399592353799,0.9611520428667113,0.11707317073170732
en,all test,0.01,0.9929110978199002,0.9624916275954454,0.11830201809324982
en,all test,0.01,0.9930898766640014,0.9638312123241795,0.11952744961779013
en,all test,0.01,0.9931902819210497,0.9651707970529136,0.12074947952810548
en,all test,0.01,0.9933009949464602,0.9665103817816477,0.12196812196812197
en,all test,0.01,0.9934178688945912,0.9678499665103818,0.12318339100346021
en,all test,0.01,0.9936087488203414,0.9691895512391159,0.1243953006219765
en,all test,0.01,0.9936517188692197,0.97052913596785,0.12560386473429952
en,all test,0.01,0.9938734631588855,0.971868720696584,0.12611991729841487
en,all test,0.01,0.99391002319192,0.9732083054253181,0.12732278045423262
en,all test,0.01,0.9940027647137742,0.9745478901540523,0.12852233676975944
en,all test,0.01,0.994123848028782,0.9758874748827864,0.12971859986273165
en,all test,0.01,0.9941278921854775,0.9772270596115205,0.13091158327621658
en,all test,0.01,0.9941925978805595,0.9785666443402545,0.13210130047912388
en,all test,0.01,0.9942756121452373,0.9805760214333556,0.13387978142076504
en,all test,0.01,0.9943115819875094,0.9819156061620897,0.13506139154160982
en,all test,0.01,0.9944237795566545,0.9832551908908238,0.1362397820163488
en,all test,0.01,0.9944698714680502,0.9845947756195579,0.13741496598639455
en,all test,0.01,0.9945245086757527,0.9859343603482921,0.13858695652173914
en,all test,0.01,0.994582795952459,0.9872739450770261,0.13975576662143827
en,all test,0.01,0.9946776680376264,0.9886135298057602,0.14092140921409213
en,all test,0.01,0.994691107055974,0.9899531145344943,0.14208389715832206
en,all test,0.01,0.9947420701221368,0.9912926992632284,0.14324324324324325
en,all test,0.01,0.9947535350797779,0.9926322839919625,0.14439946018893388
en,all test,0.01,0.9947997859273563,0.9939718687206965,0.14555256064690028
en,all test,0.01,0.9948918447272036,0.9953114534494307,0.14670255720053835
en,all test,0.01,0.9949357764092935,0.9966510381781648,0.1478494623655914
en,all test,0.01,0.9949818898497419,0.9979906229068989,0.1483221476510067
en,all test,0.01,0.9950219201613736,1.0,0.15003348961821836
en,all test,0.05,0.0,0.7052913596784997,0.019943019943019943
en,all test,0.05,0.019190714147080394,0.7052913596784997,0.019943019943019943
en,all test,0.05,0.0193387249182183,0.7059611520428667,0.019924098671726755
en,all test,0.05,0.019511789050257817,0.7073007367716008,0.019886363636363636
en,all test,0.05,0.02014615811157394,0.7079705291359678,0.019867549668874173
en,all test,0.05,0.020618351142191838,0.709310113864702,0.019830028328611898
en,all test,0.05,0.02068764085270883,0.709979906229069,0.01981132075471698
en,all test,0.05,0.02094439558415193,0.7113194909578031,0.01977401129943503
en,all test,0.05,0.021421770332278118,0.7119892833221702,0.01975540921919097
en,all test,0.05,0.021654045554044016,0.7133288680509042,0.01971830985915493
en,all test,0.05,0.021707022825974108,0.7139986604152713,0.019699812382739212
en,all test,0.05,0.021775870605054762,0.7153382451440053,0.019662921348314606
en,all test,0.05,0.02182140466730065,0.7160080375083724,0.019644527595884004
en,all test,0.05,0.021939304557392476,0.7173476222371065,0.0196078431372549
en,all test,0.05,0.022055865063516256,0.7180174146014735,0.01958955223880597
en,all test,0.05,0.022210386242655086,0.7193569993302076,0.019553072625698324
en,all test,0.05,0.02221892720674949,0.7200267916945747,0.01953488372093023
en,all test,0.05,0.022353147256225933,0.7213663764233088,0.019498607242339833
en,all test,0.05,0.022516777387131114,0.7220361687876758,0.01948051948051948
en,all test,0.05,0.022601184153635715,0.7233757535164099,0.019444444444444445
en,all test,0.05,0.02283746479424675,0.724045545880777,0.01942645698427382
en,all test,0.05,0.022850369013961945,0.724715338245144,0.019408502772643253
en,all test,0.05,0.0228676207243733,0.7260549229738781,0.01937269372693727
en,all test,0.05,0.02289913989847172,0.7267247153382451,0.01935483870967742
en,all test,0.05,0.023003780436179143,0.7280643000669792,0.020239190432382703
en,all test,0.05,0.02307881354312358,0.7287340924313462,0.02022058823529412
en,all test,0.05,0.023226942827963476,0.7300736771600804,0.02018348623853211
en,all test,0.05,0.023237521227772912,0.7307434695244475,0.02016498625114574
en,all test,0.05,0.02324780591559368,0.7320830542531815,0.020128087831655993
en,all test,0.05,0.023254091514988907,0.7327528466175486,0.02010968921389397
en,all test,0.05,0.023451271246185845,0.7340924313462827,0.020072992700729927
en,all test,0.05,0.023458962704449606,0.7347622237106497,0.020054694621695533
en,all test,0.05,0.02352972599207163,0.7361018084393838,0.020018198362147407
en,all test,0.05,0.02360579785306477,0.7367716008037508,0.02
en,all test,0.05,0.023719501847703287,0.7381111855324849,0.019963702359346643
en,all test,0.05,0.02372421595235126,0.7387809778968519,0.019945602901178604
en,all test,0.05,0.02375501032555974,0.7401205626255861,0.019909502262443438
en,all test,0.05,0.02396676186370418,0.7407903549899532,0.019891500904159132
en,all test,0.05,0.023973636323183112,0.7421299397186872,0.019855595667870037
en,all test,0.05,0.02404019498619033,0.7427997320830543,0.019837691614066726
en,all test,0.05,0.024043481214201048,0.7434695244474213,0.01981981981981982
en,all test,0.05,0.024208974532804312,0.7448091091761554,0.019784172661870502
en,all test,0.05,0.024231255028746332,0.7454789015405224,0.019766397124887692
en,all test,0.05,0.02425047976328506,0.7468184862692565,0.019730941704035873
en,all test,0.05,0.02425813904086786,0.7474882786336235,0.01971326164874552
en,all test,0.05,0.024272159205337616,0.7488278633623576,0.01967799642218247
en,all test,0.05,0.024293335402176437,0.7494976557267247,0.01966041108132261
en,all test,0.05,0.024354079511073733,0.7508372404554589,0.019625334522747548
en,all test,0.05,0.02437266505697195,0.7515070328198259,0.0196078431372549
en,all test,0.05,0.024493434832723274,0.75284661754856,0.019572953736654804
en,all test,0.05,0.024596304568831693,0.753516409912927,0.019555555555555555
en,all test,0.05,0.024744851953171706,0.7548559946416611,0.019520851818988466
en,all test,0.05,0.02477537691106925,0.7555257870060281,0.01950354609929078
en,all test,0.05,0.024838800205614773,0.7568653717347622,0.019469026548672566
en,all test,0.05,0.02484418889379896,0.7575351640991292,0.019451812555260833
en,all test,0.05,0.024883677564573412,0.7588747488278633,0.019417475728155338
en,all test,0.05,0.024906313151641445,0.7595445411922304,0.019400352733686066
en,all test,0.05,0.025001049709755453,0.7608841259209645,0.01936619718309859
en,all test,0.05,0.025051521989752547,0.7615539182853316,0.019349164467897976
en,all test,0.05,0.025106965079777877,0.7628935030140657,0.019315188762071993
en,all test,0.05,0.025225347571539443,0.7635632953784327,0.01929824561403509
en,all test,0.05,0.02534361519183105,0.7642330877427997,0.019281332164767746
en,all test,0.05,0.025399235765319297,0.7655726724715338,0.019247594050743656
en,all test,0.05,0.02540689012234493,0.7662424648359009,0.019230769230769232
en,all test,0.05,0.025536773775844807,0.7675820495646349,0.019197207678883072
en,all test,0.05,0.025543979843645575,0.768251841929002,0.01918047079337402
en,all test,0.05,0.025572661576687042,0.769591426657736,0.019147084421235857
en,all test,0.05,0.025595329155169,0.7702612190221031,0.019130434782608695
en,all test,0.05,0.025616235876335148,0.7716008037508373,0.019097222222222224
en,all test,0.05,0.025623444079908485,0.7722705961152043,0.019080659150043366
en,all test,0.05,0.02565265511892303,0.7736101808439384,0.01904761904761905
en,all test,0.05,0.025662739927352674,0.7742799732083054,0.01903114186851211
en,all test,0.05,0.02570197007823242,0.7756195579370395,0.018998272884283247
en,all test,0.05,0.02572149646279133,0.7762893503014066,0.01898188093183779
en,all test,0.05,0.02576079064257105,0.7776289350301406,0.018949181739879414
en,all test,0.05,0.02577323795294876,0.7782987273945077,0.0189328743545611
en,all test,0.05,0.025845083480787522,0.7796383121232418,0.018900343642611683
en,all test,0.05,0.0258563859323026,0.7803081044876088,0.01888412017167382
en,all test,0.05,0.02594959698559661,0.781647689216343,0.018851756640959727
en,all test,0.05,0.025960403533346697,0.78231748158071,0.018835616438356163
en,all test,0.05,0.02596973523980416,0.7829872739450771,0.018819503849443968
en,all test,0.05,0.02598535605756831,0.7843268586738111,0.018787361229718188
en,all test,0.05,0.02599632786685148,0.7849966510381782,0.01877133105802048
en,all test,0.05,0.02601973511934907,0.7863362357669123,0.018739352640545145
en,all test,0.05,0.02607694011378182,0.7870060281312793,0.01872340425531915
en,all test,0.05,0.02614507605567872,0.7883456128600134,0.018691588785046728
en,all test,0.05,0.026155248075082203,0.7890154052243804,0.01867572156196944
en,all test,0.05,0.026194148327824393,0.7903549899531145,0.01864406779661017
en,all test,0.05,0.026212203391294948,0.7910247823174816,0.018628281117696866
en,all test,0.05,0.02626379089833985,0.7923643670462157,0.018596787827557058
en,all test,0.05,0.026265730762191263,0.7930341594105828,0.018581081081081082
en,all test,0.05,0.026285756757147845,0.7943737441393168,0.01854974704890388
en,all test,0.05,0.02629206239942564,0.7950435365036839,0.018534119629317607
en,all test,0.05,0.02632169591973437,0.796383121232418,0.018502943650126155
en,all test,0.05,0.02634863934696154,0.797052913596785,0.018487394957983194
en,all test,0.05,0.026420647376694983,0.7983924983255191,0.018456375838926176
en,all test,0.05,0.02645303263941683,0.7990622906898861,0.018440905280804692
en,all test,0.05,0.02657504056553067,0.8004018754186202,0.018410041841004185
en,all test,0.05,0.026576332211441553,0.8010716677829873,0.01839464882943144
en,all test,0.05,0.02661306980453498,0.8024112525117214,0.018363939899833055
en,all test,0.05,0.026627782717725885,0.8030810448760884,0.01834862385321101
en,all test,0.05,0.02663242962233072,0.8037508372404555,0.018333333333333333
en,all test,0.05,0.0266461472457845,0.8050904219691896,0.01913477537437604
en,all test,0.05,0.026703990328089417,0.8057602143335566,0.019118869492934332
en,all test,0.05,0.026805474956539496,0.8070997990622907,0.019087136929460582
en,all test,0.05,0.026873003249711435,0.8077695914266577,0.019071310116086235
en,all test,0.05,0.02694869297443567,0.8091091761553918,0.01903973509933775
en,all test,0.05,0.026967036334961638,0.8097789685197588,0.01902398676592225
en,all test,0.05,0.027008455077114944,0.8111185532484929,0.018992568125516102
en,all test,0.05,0.02704112293710862,0.8117883456128601,0.018976897689768978
en,all test,0.05,0.0270517583169252,0.8131279303415941,0.018945634266886325
en,all test,0.05,0.027052146803104603,0.8137977227059612,0.018930041152263374
en,all test,0.05,0.02709856732581039,0.8151373074346953,0.018898931799506986
en,all test,0.05,0.027104482610905034,0.8158070997990623,0.018883415435139574
en,all test,0.05,0.02715294528778381,0.8171466845277964,0.018852459016393444
en,all test,0.05,0.027205500909626052,0.8178164768921634,0.018837018837018837
en,all test,0.05,0.027214963359266056,0.8191560616208975,0.018806214227309895
en,all test,0.05,0.02727986449560642,0.8198258539852645,0.018790849673202614
en,all test,0.05,0.02732052357719799,0.8211654387139986,0.018760195758564437
en,all test,0.05,0.027349548065137765,0.8218352310783658,0.018744906275468622
en,all test,0.05,0.027386526824844173,0.8225050234427328,0.018729641693811076
en,all test,0.05,0.027425211056891573,0.8238446081714669,0.01869918699186992
en,all test,0.05,0.02743200361191238,0.8245144005358339,0.01868399675060926
en,all test,0.05,0.027471904205604004,0.825853985264568,0.0186536901865369
en,all test,0.05,0.02748545333591138,0.826523777628935,0.018638573743922204
en,all test,0.05,0.027546813546543286,0.8278633623576691,0.0186084142394822
en,all test,0.05,0.02754829897134991,0.8285331547220361,0.018593371059013743
en,all test,0.05,0.027707523561961735,0.8298727394507702,0.018563357546408393
en,all test,0.05,0.02776253501498122,0.8305425318151373,0.018548387096774192
en,all test,0.05,0.027773796403073453,0.8318821165438715,0.018518518518518517
en,all test,0.05,0.027858826051265724,0.8325519089082385,0.01850362027353178
en,all test,0.05,0.02787711184867355,0.8338914936369726,0.018473895582329317
en,all test,0.05,0.027905485041358768,0.8345612860013396,0.018459069020866775
en,all test,0.05,0.027951132785147166,0.8359008707300737,0.01842948717948718
en,all test,0.05,0.02796880794427004,0.8365706630944407,0.018414731785428344
en,all test,0.05,0.028011792684523824,0.8379102478231748,0.01838529176658673
en,all test,0.05,0.028035189158393477,0.8385800401875418,0.018370607028753993
en,all test,0.05,0.02807841488656242,0.8399196249162759,0.018341307814992026
en,all test,0.05,0.028141571890492545,0.840589417280643,0.018326693227091632
en,all test,0.05,0.028286103246749884,0.8419290020093771,0.018297533810660304
en,all test,0.05,0.028314030058885227,0.8425987943737442,0.018282988871224166
en,all test,0.05,0.028322912926653693,0.8432685867381112,0.018268467037331215
en,all test,0.05,0.02841464032556838,0.8446081714668453,0.01823949246629659
en,all test,0.05,0.02841795615415324,0.8452779638312123,0.018225039619651346
en,all test,0.05,0.02843789744683051,0.8466175485599464,0.01819620253164557
en,all test,0.05,0.02849636531414894,0.8472873409243135,0.01818181818181818
en,all test,0.05,0.02858794367572763,0.8486269256530475,0.018153117600631413
en,all test,0.05,0.028603998606664075,0.8492967180174146,0.018138801261829655
en,all test,0.05,0.028650026684733768,0.8506363027461487,0.01811023622047244
en,all test,0.05,0.02867598136646585,0.8513060951105157,0.01809598741148702
en,all test,0.05,0.028692973968555517,0.8526456798392499,0.018067556952081697
en,all test,0.05,0.02873675275326611,0.8533154722036169,0.01805337519623234
en,all test,0.05,0.028749711947124956,0.854655056932351,0.018025078369905956
en,all test,0.05,0.028765193662730705,0.855324849296718,0.018010963194988253
en,all test,0.05,0.02885818524816286,0.8566644340254521,0.017982799061767005
en,all test,0.05,0.028866086192724936,0.8573342263898192,0.01796875
en,all test,0.05,0.02908350649350365,0.8586738111185532,0.01794071762870515
en,all test,0.05,0.02913097795957498,0.8593436034829203,0.017926734216679657
en,all test,0.05,0.029170473243530864,0.8606831882116543,0.0178988326848249
en,all test,0.05,0.02918290025704222,0.8613529805760214,0.017884914463452566
en,all test,0.05,0.029196468487683955,0.8620227729403884,0.017871017871017872
en,all test,0.05,0.029217895847832923,0.8633623576691226,0.017843289371605897
en,all test,0.05,0.02925188467757577,0.8640321500334897,0.017829457364341085
en,all test,0.05,0.029399190435224588,0.8653717347622237,0.01780185758513932
en,all test,0.05,0.029441441278418506,0.8660415271265908,0.017788089713843776
en,all test,0.05,0.029541697016421106,0.8673811118553248,0.01776061776061776
en,all test,0.05,0.029648553090028,0.8680509042196919,0.017746913580246913
en,all test,0.05,0.029687517569104347,0.869390488948426,0.017719568567026195
en,all test,0.05,0.029758321071801538,0.870060281312793,0.01770592763664357
en,all test,0.05,0.029869639513189338,0.8713998660415271,0.017678708685626442
en,all test,0.05,0.02994921418463158,0.8720696584058941,0.017665130568356373
en,all test,0.05,0.030045763783998022,0.8734092431346283,0.01763803680981595
en,all test,0.05,0.030068513009684023,0.8740790354989953,0.017624521072796936
en,all test,0.05,0.030120427984310482,0.8754186202277294,0.017597551644988524
en,all test,0.05,0.030228674540867445,0.8760884125920965,0.017584097859327217
en,all test,0.05,0.030353807884019927,0.8774279973208305,0.017557251908396947
en,all test,0.05,0.03036310855050699,0.8780977896851976,0.017543859649122806
en,all test,0.05,0.030486146945329595,0.8794373744139317,0.017517136329017517
en,all test,0.05,0.030529649233795517,0.8801071667782987,0.01750380517503805
en,all test,0.05,0.03066600439349238,0.8814467515070328,0.017477203647416412
en,all test,0.05,0.0307333745057085,0.8821165438713998,0.017463933181473046
en,all test,0.05,0.030739213593105177,0.882786336235767,0.017450682852807285
en,all test,0.05,0.030907266420036234,0.884125920964501,0.017424242424242425
en,all test,0.05,0.030989948950952913,0.8847957133288681,0.0174110522331567
en,all test,0.05,0.03121749125452577,0.8861352980576022,0.017384731670445956
en,all test,0.05,0.031225014346177977,0.8868050904219692,0.017371601208459216
en,all test,0.05,0.031377837490020676,0.8881446751507033,0.017345399698340876
en,all test,0.05,0.03142032799091266,0.8888144675150703,0.01808590806330068
en,all test,0.05,0.03160037342381411,0.8901540522438044,0.01805869074492099
en,all test,0.05,0.031690650598928026,0.8908238446081714,0.018796992481203006
en,all test,0.05,0.03174260466588955,0.8921634293369055,0.01876876876876877
en,all test,0.05,0.03175435157105861,0.8928332217012726,0.018754688672168042
en,all test,0.05,0.03185349284224726,0.8941728064300067,0.018726591760299626
en,all test,0.05,0.03189830235217871,0.8948425987943738,0.0187125748502994
en,all test,0.05,0.031952598394220925,0.8961821835231079,0.01868460388639761
en,all test,0.05,0.03234920597912835,0.8968519758874749,0.018670649738610903
en,all test,0.05,0.03247373012414586,0.898191560616209,0.018642803877703208
en,all test,0.05,0.03248987351453181,0.898861352980576,0.018628912071535022
en,all test,0.05,0.03251524660906741,0.9002009377093101,0.019345238095238096
en,all test,0.05,0.032562959577847474,0.9008707300736771,0.019330855018587362
en,all test,0.05,0.032684933152663874,0.9015405224380442,0.019316493313521546
en,all test,0.05,0.03276151407351626,0.9028801071667782,0.019287833827893175
en,all test,0.05,0.03282322118799021,0.9035498995311454,0.01927353595255745
en,all test,0.05,0.03315812187949379,0.9048894842598795,0.01924500370096225
en,all test,0.05,0.033225922313661685,0.9055592766242465,0.019230769230769232
en,all test,0.05,0.03332056881860973,0.9068988613529806,0.019202363367799114
en,all test,0.05,0.033380829858167704,0.9075686537173476,0.01918819188191882
en,all test,0.05,0.033976165159696,0.9089082384460817,0.01915991156963891
en,all test,0.05,0.03432892426388804,0.9095780308104487,0.01914580265095729
en,all test,0.05,0.03445185883038047,0.9109176155391828,0.019852941176470587
en,all test,0.05,0.03468857569966588,0.9115874079035499,0.019838354151359296
en,all test,0.05,0.03515556596962344,0.9129269926322839,0.019809244314013204
en,all test,0.05,0.0352687837253182,0.9135967849966511,0.019794721407624633
en,all test,0.05,0.03561288349352231,0.9149363697253852,0.019765739385065886
en,all test,0.05,0.035622366108033474,0.9156061620897522,0.019751280175566936
en,all test,0.05,0.03588138549706707,0.9169457468184863,0.019722425127830533
en,all test,0.05,0.036107874793109423,0.9176155391828533,0.01970802919708029
en,all test,0.05,0.036707533787128876,0.9189551239115874,0.01967930029154519
en,all test,0.05,0.03672490853656549,0.9196249162759544,0.019664967225054626
en,all test,0.05,0.037049017904167786,0.9209645010046885,0.019636363636363636
en,all test,0.05,0.03722700774482544,0.9216342933690556,0.019622093023255814
en,all test,0.05,0.037469135829939694,0.9223040857334226,0.0196078431372549
en,all test,0.05,0.0385196976376108,0.9236436704621568,0.02030456852791878
en,all test,0.05,0.03855556010516539,0.9243134628265238,0.020289855072463767
en,all test,0.05,0.0399178503741249,0.9256530475552579,0.020984081041968163
en,all test,0.05,0.0400636902123725,0.9263228399196249,0.02096890817064353
en,all test,0.05,0.04067206814748927,0.927662424648359,0.020938628158844765
en,all test,0.05,0.040825963241255675,0.9283322170127261,0.021645021645021644
en,all test,0.05,0.04097159916827827,0.9296718017414601,0.0223342939481268
en,all test,0.05,0.04121965136218489,0.9303415941058272,0.022318214542836574
en,all test,0.05,0.04222547918259849,0.9316811788345613,0.02228612508986341
en,all test,0.05,0.042644253685664914,0.9323509711989283,0.022270114942528736
en,all test,0.05,0.043504926162154456,0.9336905559276625,0.02295552367288379
en,all test,0.05,0.043552946001115866,0.9343603482920295,0.022939068100358423
en,all test,0.05,0.04367912081185567,0.9356999330207636,0.02290622763063708
en,all test,0.05,0.04441748915016187,0.9363697253851306,0.022889842632331903
en,all test,0.05,0.04603676835260707,0.9377093101138647,0.022857142857142857
en,all test,0.05,0.046612750470688614,0.9383791024782318,0.022840827980014276
en,all test,0.05,0.04747095076629663,0.9397186872069658,0.023521026372059873
en,all test,0.05,0.047864467284194,0.9403884795713329,0.023504273504273504
en,all test,0.05,0.04832866513441217,0.9410582719356999,0.023487544483985764
en,all test,0.05,0.04936221513791276,0.942397856664434,0.024164889836531627
en,all test,0.05,0.04965997206907558,0.943067649028801,0.024147727272727272
en,all test,0.05,0.050992914094179075,0.9444072337575352,0.024113475177304965
en,all test,0.05,0.05122567306226429,0.9450770261219023,0.024096385542168676
en,all test,0.05,0.052240504386988296,0.9464166108506363,0.024062278839348902
en,all test,0.05,0.052328682586182354,0.9470864032150034,0.024045261669024046
en,all test,0.05,0.05353564685715439,0.9484259879437374,0.025423728813559324
en,all test,0.05,0.0551454060214302,0.9490957803081045,0.025405786873676783
en,all test,0.05,0.05554921316678534,0.9504353650368386,0.026779422128259338
en,all test,0.05,0.05683300866555701,0.9511051574012056,0.02676056338028169
en,all test,0.05,0.06015087689212598,0.9524447421299397,0.02812939521800281
en,all test,0.05,0.06017864432564656,0.9531145344943067,0.028109627547434995
en,all test,0.05,0.06456240685674414,0.9544541192230409,0.028070175438596492
en,all test,0.05,0.06512380304441101,0.955123911587408,0.028751753155680224
en,all test,0.05,0.06630777739248206,0.956463496316142,0.028711484593837534
en,all test,0.05,0.06698669091975608,0.9571332886805091,0.028691392582225334
en,all test,0.05,0.06764701400641848,0.9584728734092431,0.0286512928022362
en,all test,0.05,0.07247363274765978,0.9591426657736102,0.029329608938547486
en,all test,0.05,0.07939757222097808,0.9604822505023443,0.0299860529986053
en,all test,0.05,0.07997922709089685,0.9611520428667113,0.029965156794425088
en,all test,0.05,0.09090083137362875,0.9618218352310783,0.029944289693593314
en,all test,0.05,0.09582361857683465,0.9631614199598124,0.03129346314325452
en,all test,0.05,0.09935641018114771,0.9638312123241795,0.03127171646977067
en,all test,0.05,0.1086974953648434,0.9651707970529136,0.03261623872310895
en,all test,0.05,0.11028155161348206,0.9658405894172807,0.03259361997226075
en,all test,0.05,0.11453146629502509,0.9671801741460148,0.0332409972299169
en,all test,0.05,0.11468290250468058,0.9678499665103818,0.03321799307958478
en,all test,0.05,0.1292765349615273,0.9691895512391159,0.03455425017277125
en,all test,0.05,0.13177793776720298,0.9698593436034829,0.03522099447513812
en,all test,0.05,0.1507893577050383,0.971198928332217,0.036551724137931035
en,all test,0.05,0.15139960665410548,0.971868720696584,0.03652653342522398
en,all test,0.05,0.17871301655480093,0.9732083054253181,0.03785271851342051
en,all test,0.05,0.18233070673470667,0.9738780977896851,0.03782668500687758
en,all test,0.05,0.207794549556772,0.9752176825184193,0.03914835164835165
en,all test,0.05,0.2082025429732105,0.9758874748827864,0.03912148249828414
en,all test,0.05,0.22209865858187028,0.9772270596115205,0.03906785469499657
en,all test,0.05,0.2321677909798935,0.9778968519758875,0.03972602739726028
en,all test,0.05,0.2458787705202939,0.9792364367046216,0.04103967168262654
en,all test,0.05,0.2683802980119097,0.9799062290689886,0.04101161995898838
en,all test,0.05,0.2852713722477429,0.9805760214333556,0.041666666666666664
en,all test,0.05,0.29668834466974797,0.9819156061620897,0.042974079126875855
en,all test,0.05,0.31129568424243004,0.9825853985264568,0.04294478527607362
en,all test,0.05,0.3344998830866323,0.9839249832551908,0.043567052416609936
en,all test,0.05,0.33870037331532904,0.9845947756195579,0.04353741496598639
en,all test,0.05,0.36224207226149463,0.9859343603482921,0.044157608695652176
en,all test,0.05,0.36794677111527563,0.9866041527126591,0.04412763068567549
en,all test,0.05,0.3879034351420701,0.9879437374413932,0.04542372881355932
en,all test,0.05,0.3918864258558738,0.9886135298057602,0.04539295392953929
en,all test,0.05,0.43414536420302535,0.9899531145344943,0.04668470906630582
en,all test,0.05,0.46498730270285993,0.9906229068988613,0.04665314401622718
en,all test,0.05,0.4985279093197854,0.9919624916275954,0.04794058068872384
en,all test,0.05,0.518336675845874,0.9926322839919625,0.047908232118758436
en,all test,0.05,0.5759692039166158,0.9939718687206965,0.04851752021563342
en,all test,0.05,0.6004307148022004,0.9946416610850636,0.04915824915824916
en,all test,0.05,0.607742964637179,0.9959812458137978,0.04976462676529926
en,all test,0.05,0.610070727852446,0.9966510381781648,0.05040322580645161
en,all test,0.05,0.6778139679560952,0.9979906229068989,0.05167785234899329
en,all test,0.05,0.6859115363811427,0.9986604152712659,0.052313883299798795
en,all test,0.05,0.7070866514772087,1.0,0.0535833891493637
hi,all test,0.01,0.0,0.26457725947521865,0.011019283746556474
hi,all test,0.01,0.011887828531032532,0.2660349854227405,0.0136986301369863
hi,all test,0.01,0.013155876358671815,0.26822157434402333,0.01358695652173913
hi,all test,0.01,0.013580832100365066,0.27113702623906705,0.013440860215053764
hi,all test,0.01,0.013925746374463381,0.27332361516034986,0.013333333333333334
hi,all test,0.01,0.014236481266230788,0.2755102040816326,0.013227513227513227
hi,all test,0.01,0.014546903190071337,0.2784256559766764,0.013089005235602094
hi,all test,0.01,0.014638843678213406,0.28061224489795916,0.012987012987012988
hi,all test,0.01,0.014914290923010484,0.28352769679300294,0.015424164524421594
hi,all test,0.01,0.015008473624882213,0.2857142857142857,0.015306122448979591
hi,all test,0.01,0.01528248698694079,0.2879008746355685,0.015189873417721518
hi,all test,0.01,0.015532844474076742,0.29081632653061223,0.015037593984962405
hi,all test,0.01,0.01575104647693387,0.29300291545189505,0.014925373134328358
hi,all test,0.01,0.015950927248131474,0.29518950437317787,0.014814814814814815
hi,all test,0.01,0.016098850974257978,0.2981049562682216,0.014669926650366748
hi,all test,0.01,0.016128974717644507,0.30029154518950435,0.014563106796116505
hi,all test,0.01,0.0162514688475268,0.3032069970845481,0.014423076923076924
hi,all test,0.01,0.01638353073720408,0.3053935860058309,0.014319809069212411
hi,all test,0.01,0.016450366127005473,0.3075801749271137,0.014218009478672985
hi,all test,0.01,0.016589485523680194,0.3104956268221574,0.014084507042253521
hi,all test,0.01,0.016742254908483377,0.31268221574344024,0.013986013986013986
hi,all test,0.01,0.016793796063653558,0.31486880466472306,0.013888888888888888
hi,all test,0.01,0.016887270963422095,0.3177842565597668,0.013761467889908258
hi,all test,0.01,0.016973296637076033,0.31997084548104954,0.01366742596810934
hi,all test,0.01,0.017042117723497344,0.3228862973760933,0.013544018058690745
hi,all test,0.01,0.01712535874662097,0.3250728862973761,0.013452914798206279
hi,all test,0.01,0.01722188115313539,0.3272594752186589,0.013363028953229399
hi,all test,0.01,0.01731392666765604,0.3301749271137026,0.013245033112582781
hi,all test,0.01,0.0174194652220337,0.3323615160349854,0.013157894736842105
hi,all test,0.01,0.0174607640997091,0.33454810495626824,0.013071895424836602
hi,all test,0.01,0.017569901852553863,0.33746355685131196,0.012958963282937365
hi,all test,0.01,0.017732562143406586,0.3396501457725947,0.012875536480686695
hi,all test,0.01,0.017933500534227268,0.3425655976676385,0.01276595744680851
hi,all test,0.01,0.01800001662991654,0.34475218658892126,0.012684989429175475
hi,all test,0.01,0.018039076567996682,0.3469387755102041,0.012605042016806723
hi,all test,0.01,0.018107076668427487,0.3498542274052478,0.0125
hi,all test,0.01,0.018176611136773792,0.3520408163265306,0.012422360248447204
hi,all test,0.01,0.018288193117887153,0.35422740524781343,0.012345679012345678
hi,all test,0.01,0.018404969496727788,0.35714285714285715,0.012244897959183673
hi,all test,0.01,0.018466604867815824,0.35932944606413997,0.012170385395537525
hi,all test,0.01,0.01873737370585227,0.3622448979591837,0.012072434607645875
hi,all test,0.01,0.018958815569076744,0.36443148688046645,0.012
hi,all test,0.01,0.01903198223144145,0.36661807580174927,0.011928429423459244
hi,all test,0.01,0.01910455363442875,0.369533527696793,0.011834319526627219
hi,all test,0.01,0.019135297155341867,0.3717201166180758,0.011764705882352941
hi,all test,0.01,0.019249514325843056,0.3746355685131195,0.013618677042801557
hi,all test,0.01,0.01933673154067061,0.37682215743440234,0.013539651837524178
hi,all test,0.01,0.019529902610287517,0.37900874635568516,0.013461538461538462
hi,all test,0.01,0.019656646481276626,0.3819241982507289,0.013358778625954198
hi,all test,0.01,0.019706933328265206,0.38411078717201164,0.013282732447817837
hi,all test,0.01,0.01977948208789231,0.38629737609329445,0.013207547169811321
hi,all test,0.01,0.019824344087191026,0.3892128279883382,0.013108614232209739
hi,all test,0.01,0.01989875096513071,0.391399416909621,0.01303538175046555
hi,all test,0.01,0.020076085565440317,0.3943148688046647,0.012939001848428836
hi,all test,0.01,0.020166181713791188,0.3965014577259475,0.012867647058823529
hi,all test,0.01,0.02024000843190623,0.39868804664723034,0.012797074954296161
hi,all test,0.01,0.0202921787396036,0.40160349854227406,0.012704174228675136
hi,all test,0.01,0.02047609583219195,0.4037900874635568,0.01263537906137184
hi,all test,0.01,0.020744373018230015,0.40597667638483964,0.012567324955116697
hi,all test,0.01,0.020778498732334276,0.40889212827988336,0.012477718360071301
hi,all test,0.01,0.020920440267804385,0.4110787172011662,0.012411347517730497
hi,all test,0.01,0.020977080835619166,0.4139941690962099,0.01232394366197183
hi,all test,0.01,0.02116462121970661,0.4161807580174927,0.012259194395796848
hi,all test,0.01,0.021192576238668704,0.41836734693877553,0.012195121951219513
hi,all test,0.01,0.021404794196062234,0.42128279883381925,0.01384083044982699
hi,all test,0.01,0.021501924153454057,0.42346938775510207,0.013769363166953529
hi,all test,0.01,0.02153439337984503,0.42565597667638483,0.0136986301369863
hi,all test,0.01,0.021607189009406964,0.42857142857142855,0.013605442176870748
hi,all test,0.01,0.021794245401523804,0.43075801749271136,0.01353637901861252
hi,all test,0.01,0.02188704072166042,0.4336734693877551,0.015126050420168067
hi,all test,0.01,0.022049501903614734,0.4358600583090379,0.016722408026755852
hi,all test,0.01,0.02219499755946111,0.4380466472303207,0.016638935108153077
hi,all test,0.01,0.02236221421586123,0.44096209912536444,0.01652892561983471
hi,all test,0.01,0.02248958197312968,0.44314868804664725,0.01644736842105263
hi,all test,0.01,0.02269935137417618,0.44533527696793,0.01800327332242226
hi,all test,0.01,0.02276098293492008,0.44825072886297374,0.01788617886178862
hi,all test,0.01,0.023121983114249366,0.45043731778425655,0.019417475728155338
hi,all test,0.01,0.023163814765134516,0.45335276967930027,0.02090032154340836
hi,all test,0.01,0.023309609016295956,0.4555393586005831,0.0208
hi,all test,0.01,0.023379986615997633,0.4577259475218659,0.020700636942675158
hi,all test,0.01,0.023395944296655025,0.4606413994169096,0.023734177215189875
hi,all test,0.01,0.023589117235093215,0.46282798833819244,0.023622047244094488
hi,all test,0.01,0.023637750095832615,0.4650145772594752,0.023510971786833857
hi,all test,0.01,0.02379472770680339,0.4679300291545189,0.02336448598130841
hi,all test,0.01,0.02393676954707488,0.47011661807580174,0.023255813953488372
hi,all test,0.01,0.024114710180308294,0.47303206997084546,0.023112480739599383
hi,all test,0.01,0.024319781529180236,0.4752186588921283,0.023006134969325152
hi,all test,0.01,0.024415817986988084,0.4774052478134111,0.022900763358778626
hi,all test,0.01,0.02470305436560591,0.4803206997084548,0.024279210925644917
hi,all test,0.01,0.024726491802002887,0.48250728862973763,0.02416918429003021
hi,all test,0.01,0.024928318013747945,0.48542274052478135,0.025525525525525526
hi,all test,0.01,0.02514891496778961,0.48760932944606417,0.025411061285500747
hi,all test,0.01,0.025248476568570037,0.4897959183673469,0.025297619047619048
hi,all test,0.01,0.025472869120758142,0.49271137026239065,0.02514792899408284
hi,all test,0.01,0.025684275014071393,0.49489795918367346,0.025036818851251842
hi,all test,0.01,0.026033869929498177,0.4970845481049563,0.026392961876832845
hi,all test,0.01,0.026367697106102577,0.5,0.027696793002915453
hi,all test,0.01,0.026967432329220175,0.5021865889212828,0.027576197387518143
hi,all test,0.01,0.02760137361658226,0.5051020408163265,0.02886002886002886
hi,all test,0.01,0.028174730588619,0.5072886297376094,0.03017241379310345
hi,all test,0.01,0.02839955367768402,0.5094752186588921,0.031473533619456366
hi,all test,0.01,0.028983853416785613,0.5123906705539358,0.032716927453769556
hi,all test,0.01,0.029347119687947256,0.5145772594752187,0.0339943342776204
hi,all test,0.01,0.029751650151254562,0.5167638483965015,0.03526093088857546
hi,all test,0.01,0.031238264354491948,0.5196793002915452,0.0364656381486676
hi,all test,0.01,0.031566594513905845,0.521865889212828,0.036312849162011177
hi,all test,0.01,0.03250461263503158,0.5247813411078717,0.03888888888888889
hi,all test,0.01,0.03439436451252018,0.5269679300291545,0.03872752420470263
hi,all test,0.01,0.03510181702340652,0.5291545189504373,0.04132231404958678
hi,all test,0.01,0.03635268149827626,0.532069970845481,0.04246575342465753
hi,all test,0.01,0.03752330148952788,0.5342565597667639,0.045020463847203276
hi,all test,0.01,0.03848252670728488,0.5364431486880467,0.04619565217391304
hi,all test,0.01,0.041007333956337454,0.5393586005830904,0.05
hi,all test,0.01,0.041856097302076276,0.5415451895043731,0.05114401076716016
hi,all test,0.01,0.04389774459132024,0.5444606413994169,0.050870147255689425
hi,all test,0.01,0.046436243143674526,0.5466472303206997,0.052
hi,all test,0.01,0.04697317266894835,0.5488338192419825,0.05179282868525897
hi,all test,0.01,0.05070767342181583,0.5517492711370262,0.05416116248348745
hi,all test,0.01,0.052116852023189136,0.5539358600583091,0.056578947368421055
hi,all test,0.01,0.054298690194856766,0.5561224489795918,0.057667103538663174
hi,all test,0.01,0.05476957928353651,0.5590379008746356,0.06258148631029987
hi,all test,0.01,0.05710861324075703,0.5612244897959183,0.06363636363636363
hi,all test,0.01,0.0584930725118498,0.5641399416909622,0.06589147286821706
hi,all test,0.01,0.061926118736605695,0.5663265306122449,0.06692406692406692
hi,all test,0.01,0.06415564799839436,0.5685131195335277,0.07051282051282051
hi,all test,0.01,0.06658770084362504,0.5714285714285714,0.07270408163265306
hi,all test,0.01,0.06809811107386451,0.5736151603498543,0.07496823379923762
hi,all test,0.01,0.06883724130921234,0.575801749271137,0.0759493670886076
hi,all test,0.01,0.07291992625059439,0.5787172011661808,0.07808564231738035
hi,all test,0.01,0.0772826987580404,0.5809037900874635,0.07779171894604768
hi,all test,0.01,0.08208095425900952,0.5838192419825073,0.07865168539325842
hi,all test,0.01,0.08742838593001519,0.5860058309037901,0.07960199004975124
hi,all test,0.01,0.09186425473905431,0.5881924198250729,0.08178438661710037
hi,all test,0.01,0.10096252304970284,0.5911078717201166,0.08631319358816276
hi,all test,0.01,0.10777168574457803,0.5932944606413995,0.08845208845208845
hi,all test,0.01,0.11152403425107256,0.5962099125364432,0.09046454767726161
hi,all test,0.01,0.11448017622139199,0.5983965014577259,0.0925700365408039
hi,all test,0.01,0.12069331788925006,0.6005830903790087,0.09466019417475728
hi,all test,0.01,0.12775080937503466,0.6034985422740525,0.0966183574879227
hi,all test,0.01,0.13514427462798992,0.6056851311953353,0.098676293622142
hi,all test,0.01,0.14027481612183104,0.607871720116618,0.10071942446043165
hi,all test,0.01,0.15752774730301305,0.6107871720116618,0.10143198090692124
hi,all test,0.01,0.16131432035782037,0.6129737609329446,0.10225921521997622
hi,all test,0.01,0.17816387082442559,0.6158892128279884,0.10414201183431952
hi,all test,0.01,0.19841381386910809,0.6180758017492711,0.10731132075471699
hi,all test,0.01,0.21552675868653878,0.6202623906705539,0.10810810810810811
hi,all test,0.01,0.22051019386527657,0.6231778425655977,0.10994152046783626
hi,all test,0.01,0.23849210256261594,0.6253644314868805,0.11188811188811189
hi,all test,0.01,0.25835302835875334,0.6275510204081632,0.11382113821138211
hi,all test,0.01,0.281262366892964,0.630466472303207,0.11676300578034682
hi,all test,0.01,0.29245597243001403,0.6326530612244898,0.11981566820276497
hi,all test,0.01,0.31599174165258936,0.6355685131195336,0.12385321100917432
hi,all test,0.01,0.3324905306769362,0.6377551020408163,0.12571428571428572
hi,all test,0.01,0.3446207528833764,0.6399416909620991,0.1264236902050114
hi,all test,0.01,0.36075323103876733,0.6428571428571429,0.12811791383219956
hi,all test,0.01,0.37818403989705524,0.6450437317784257,0.12768361581920903
hi,all test,0.01,0.3842315362425801,0.6472303206997084,0.12950450450450451
hi,all test,0.01,0.39511752895518865,0.6501457725947521,0.1311659192825112
hi,all test,0.01,0.40980074817787343,0.652332361516035,0.1329608938547486
hi,all test,0.01,0.4330123825533728,0.6552478134110787,0.135706340378198
hi,all test,0.01,0.44351239214870825,0.6574344023323615,0.13747228381374724
hi,all test,0.01,0.4617420166442064,0.6596209912536443,0.13922651933701657
hi,all test,0.01,0.48116744306976644,0.6625364431486881,0.1419141914191419
hi,all test,0.01,0.486162663382307,0.6647230320699709,0.14473684210526316
hi,all test,0.01,0.4987310371255419,0.6669096209912536,0.146448087431694
hi,all test,0.01,0.5674117661866047,0.6698250728862973,0.1501632208922742
hi,all test,0.01,0.5807831734840052,0.6720116618075802,0.15184381778741865
hi,all test,0.01,0.5947168445776091,0.6749271137026239,0.15442764578833693
hi,all test,0.01,0.6019014654830434,0.6771137026239067,0.15608180839612487
hi,all test,0.01,0.6111452771579805,0.6793002915451894,0.15879828326180256
hi,all test,0.01,0.631664937221567,0.6822157434402333,0.16132478632478633
hi,all test,0.01,0.6398609195929523,0.684402332361516,0.16400425985090522
hi,all test,0.01,0.6511684618710785,0.6873177842565598,0.16542948038176034
hi,all test,0.01,0.6568460778293982,0.6895043731778425,0.16807610993657504
hi,all test,0.01,0.6676809250933047,0.6916909620991254,0.17070600632244468
hi,all test,0.01,0.7030593923731485,0.6946064139941691,0.1731374606505771
hi,all test,0.01,0.7173259706941663,0.6967930029154519,0.17573221757322174
hi,all test,0.01,0.7287483259451207,0.6989795918367347,0.17831074035453598
hi,all test,0.01,0.7402287386395482,0.7018950437317785,0.181723779854621
hi,all test,0.01,0.7638617690868483,0.7040816326530612,0.18219461697722567
hi,all test,0.01,0.774943160773632,0.706997084548105,0.18453608247422681
hi,all test,0.01,0.7867713001876219,0.7091836734693877,0.18705035971223022
hi,all test,0.01,0.7976841403734947,0.7113702623906706,0.18954918032786885
hi,all test,0.01,0.8048455759432509,0.7142857142857143,0.19285714285714287
hi,all test,0.01,0.8174216814373984,0.7164723032069971,0.1953204476093591
hi,all test,0.01,0.8250466220240334,0.7186588921282799,0.19776876267748478
hi,all test,0.01,0.8381638980428764,0.7215743440233237,0.201010101010101
hi,all test,0.01,0.8434365202043236,0.7237609329446064,0.20342396777442096
hi,all test,0.01,0.8513865088152865,0.7266763848396501,0.2046138415245737
hi,all test,0.01,0.8575868132489884,0.7288629737609329,0.207
hi,all test,0.01,0.8603883884072319,0.7310495626822158,0.20837487537387836
hi,all test,0.01,0.8639986121377085,0.7339650145772595,0.211519364448858
hi,all test,0.01,0.8658457813745029,0.7361516034985423,0.21386138613861386
hi,all test,0.01,0.8708768961717717,0.7383381924198251,0.21618953603158933
hi,all test,0.01,0.87953930684655,0.7412536443148688,0.2182890855457227
hi,all test,0.01,0.883289563936904,0.7434402332361516,0.22058823529411764
hi,all test,0.01,0.886046705769727,0.7463556851311953,0.2236328125
hi,all test,0.01,0.8909818134181183,0.7485422740524781,0.22590068159688412
hi,all test,0.01,0.8948215766778694,0.750728862973761,0.22815533980582525
hi,all test,0.01,0.8983332355817956,0.7536443148688047,0.2311411992263056
hi,all test,0.01,0.9018977835667358,0.7558309037900874,0.23336547733847637
hi,all test,0.01,0.9036222071396346,0.7580174927113703,0.23557692307692307
hi,all test,0.01,0.9067617052522944,0.760932944606414,0.23850574712643677
hi,all test,0.01,0.9114079474887197,0.7631195335276968,0.24068767908309455
hi,all test,0.01,0.9160618320377996,0.7660349854227405,0.24357754519505234
hi,all test,0.01,0.9207978316707535,0.7682215743440233,0.24573055028462998
hi,all test,0.01,0.9218585017827793,0.7704081632653061,0.2478713339640492
hi,all test,0.01,0.9231807529941126,0.7733236151603499,0.25070688030160226
hi,all test,0.01,0.9267165104315367,0.7755102040816326,0.25281954887218044
hi,all test,0.01,0.9290483457960983,0.7776967930029155,0.2549203373945642
hi,all test,0.01,0.93020725766859,0.7806122448979592,0.2567693744164332
hi,all test,0.01,0.9339721715405134,0.782798833819242,0.25884543761638734
hi,all test,0.01,0.9360152959297476,0.7857142857142857,0.26159554730983303
hi,all test,0.01,0.937615858974601,0.7879008746355685,0.2627197039777983
hi,all test,0.01,0.9384599666510544,0.7900874635568513,0.26476014760147604
hi,all test,0.01,0.9407193438156692,0.793002915451895,0.26746323529411764
hi,all test,0.01,0.9422269961183125,0.7951895043731778,0.2694775435380385
hi,all test,0.01,0.9436018467740547,0.7981049562682215,0.27214611872146116
hi,all test,0.01,0.9445765585296262,0.8002915451895044,0.273224043715847
hi,all test,0.01,0.9470419702731876,0.8024781341107872,0.2742960944595822
hi,all test,0.01,0.9489492056355672,0.8053935860058309,0.27692307692307694
hi,all test,0.01,0.9500373918112599,0.8075801749271136,0.2788808664259928
hi,all test,0.01,0.9506812735422732,0.8097667638483965,0.2808280828082808
hi,all test,0.01,0.9522744171732285,0.8126822157434402,0.28340807174887894
hi,all test,0.01,0.9526324696971019,0.814868804664723,0.2853309481216458
hi,all test,0.01,0.9534737353652549,0.8177842565597667,0.2878787878787879
hi,all test,0.01,0.9540737718125786,0.8199708454810496,0.2897777777777778
hi,all test,0.01,0.9547691517872556,0.8221574344023324,0.2916666666666667
hi,all test,0.01,0.9558066266946778,0.8250728862973761,0.2941696113074205
hi,all test,0.01,0.9564477744047697,0.827259475218659,0.2960352422907489
hi,all test,0.01,0.9572094877990209,0.8294460641399417,0.29789103690685415
hi,all test,0.01,0.9578530614495753,0.8323615160349854,0.30035026269702275
hi,all test,0.01,0.9582782969694764,0.8345481049562682,0.3021834061135371
hi,all test,0.01,0.9588071272223492,0.8374635568513119,0.30461270670147955
hi,all test,0.01,0.9594359280773109,0.8396501457725948,0.3055555555555556
hi,all test,0.01,0.9603868972161663,0.8418367346938775,0.30735930735930733
hi,all test,0.01,0.9610274127446914,0.8447521865889213,0.3097497842968076
hi,all test,0.01,0.9613197615536176,0.8469387755102041,0.31153184165232356
hi,all test,0.01,0.9615483777467312,0.8491253644314869,0.3133047210300429
hi,all test,0.01,0.9618711353627731,0.8520408163265306,0.31479897348160824
hi,all test,0.01,0.9619999053605228,0.8542274052478134,0.3165529010238908
hi,all test,0.01,0.9621812932874969,0.8571428571428571,0.31887755102040816
hi,all test,0.01,0.9628299370737825,0.85932944606414,0.32061068702290074
hi,all test,0.01,0.9631969104667413,0.8615160349854227,0.3223350253807107
hi,all test,0.01,0.9634965313531098,0.8644314868804664,0.3246205733558179
hi,all test,0.01,0.9640488115101523,0.8666180758017493,0.3263246425567704
hi,all test,0.01,0.9644710396731663,0.8688046647230321,0.32802013422818793
hi,all test,0.01,0.9655042781339908,0.8717201166180758,0.3302675585284281
hi,all test,0.01,0.965761254927799,0.8739067055393586,0.33194328607172646
hi,all test,0.01,0.9658858401872504,0.8768221574344023,0.3341645885286783
hi,all test,0.01,0.9662604783819013,0.8790087463556852,0.3358208955223881
hi,all test,0.01,0.966727773629132,0.8811953352769679,0.33664185277088504
hi,all test,0.01,0.9672560409263984,0.8841107871720116,0.3388293487221764
hi,all test,0.01,0.967353556248581,0.8862973760932945,0.3404605263157895
hi,all test,0.01,0.9674814155345617,0.8884839650145773,0.3420836751435603
hi,all test,0.01,0.9677391914107779,0.891399416909621,0.34423548650858543
hi,all test,0.01,0.9678879815380323,0.8935860058309038,0.3458401305057096
hi,all test,0.01,0.9679813166130288,0.8965014577259475,0.34796747967479674
hi,all test,0.01,0.968137972175486,0.8986880466472303,0.3495539334955393
hi,all test,0.01,0.9683445322710075,0.9008746355685131,0.3511326860841424
hi,all test,0.01,0.968642865898416,0.9037900874635568,0.3532258064516129
hi,all test,0.01,0.9687794952089088,0.9059766763848397,0.35478680611423974
hi,all test,0.01,0.9690216530288391,0.9088921282798834,0.3568564554931836
hi,all test,0.01,0.9692209266337996,0.9110787172011662,0.3584
hi,all test,0.01,0.9694084893904212,0.9132653061224489,0.3599361532322426
hi,all test,0.01,0.9696411935092263,0.9161807580174927,0.3619729514717582
hi,all test,0.01,0.9697212114831968,0.9183673469387755,0.3634920634920635
hi,all test,0.01,0.9698184758831714,0.9205539358600583,0.36500395882818687
hi,all test,0.01,0.9699243134572677,0.923469387755102,0.367008681925809
hi,all test,0.01,0.9700139411416858,0.9256559766763849,0.36850393700787404
hi,all test,0.01,0.9704485077363116,0.9285714285714286,0.3704866562009419
hi,all test,0.01,0.9705831251633016,0.9307580174927114,0.37196554424432265
hi,all test,0.01,0.9707219886090803,0.9329446064139941,0.3734375
hi,all test,0.01,0.971012777180864,0.9358600583090378,0.37538940809968846
hi,all test,0.01,0.9711326052574579,0.9380466472303207,0.37684537684537683
hi,all test,0.01,0.9711608196850791,0.9402332361516035,0.37829457364341085
hi,all test,0.01,0.9713621962628408,0.9431486880466472,0.3802163833075734
hi,all test,0.01,0.9714625832718399,0.9453352769679301,0.38164996144949886
hi,all test,0.01,0.9716600183839043,0.9482507288629738,0.3835511145272867
hi,all test,0.01,0.9717963357542482,0.9504373177842566,0.38496932515337423
hi,all test,0.01,0.9718084682805407,0.9526239067055393,0.3863810252486611
hi,all test,0.01,0.9719610944215877,0.9555393586005831,0.3882532418001526
hi,all test,0.01,0.9720719945981156,0.9577259475218659,0.3896499238964992
hi,all test,0.01,0.9721126069243305,0.9599125364431487,0.39104024297646167
hi,all test,0.01,0.9722407449644178,0.9628279883381924,0.39212717638152916
hi,all test,0.01,0.9722687312706622,0.9650145772594753,0.3935045317220544
hi,all test,0.01,0.9725075286321485,0.967930029154519,0.3953313253012048
hi,all test,0.01,0.9726285196296366,0.9701166180758017,0.39669421487603307
hi,all test,0.01,0.9727219072327445,0.9723032069970845,0.3980509745127436
hi,all test,0.01,0.972939928613393,0.9752186588921283,0.39985052316890884
hi,all test,0.01,0.9731554200471983,0.9774052478134111,0.4004474272930649
hi,all test,0.01,0.9733072207477854,0.9795918367346939,0.4017857142857143
hi,all test,0.01,0.9733719072820379,0.9825072886297376,0.4035608308605341
hi,all test,0.01,0.9734447090968606,0.9846938775510204,0.4048852701702443
hi,all test,0.01,0.9736062320526028,0.9876093294460642,0.4066420664206642
hi,all test,0.01,0.9737633344285259,0.9897959183673469,0.40795287187039764
hi,all test,0.01,0.9738431249968765,0.9919825072886297,0.40925789860396766
hi,all test,0.01,0.9739169474254595,0.9948979591836735,0.41098901098901097
hi,all test,0.01,0.9739801115659519,0.9970845481049563,0.41228070175438597
hi,all test,0.01,0.9740545983013412,1.0,0.4139941690962099
hi,all test,0.05,0.0,0.5626822157434402,0.025906735751295335
hi,all test,0.05,0.011803837006628492,0.5634110787172012,0.0258732212160414
hi,all test,0.05,0.012259617049788977,0.564868804664723,0.027096774193548386
hi,all test,0.05,0.013155876358671815,0.5663265306122449,0.02702702702702703
hi,all test,0.05,0.013367131772294013,0.5677842565597667,0.026957637997432605
hi,all test,0.05,0.013580832100365066,0.5692419825072886,0.026888604353393086
hi,all test,0.05,0.013923674500649004,0.5706997084548106,0.02681992337164751
hi,all test,0.05,0.014039299617130702,0.5721574344023324,0.0267515923566879
hi,all test,0.05,0.014236481266230788,0.5736151603498543,0.026683608640406607
hi,all test,0.05,0.014423223111545399,0.5750728862973761,0.026615969581749048
hi,all test,0.05,0.014546903190071337,0.576530612244898,0.02654867256637168
hi,all test,0.05,0.014569294011001209,0.5779883381924198,0.02648171500630517
hi,all test,0.05,0.014689107134254158,0.5794460641399417,0.027672955974842768
hi,all test,0.05,0.014747144863427007,0.5809037900874635,0.027603513174404015
hi,all test,0.05,0.014922259422701563,0.5823615160349854,0.02753441802252816
hi,all test,0.05,0.015008473624882213,0.5838192419825073,0.02746566791510612
hi,all test,0.05,0.015230746097223496,0.5852769679300291,0.0273972602739726
hi,all test,0.05,0.015295374961327922,0.5867346938775511,0.02732919254658385
hi,all test,0.05,0.015490348881605146,0.5881924198250729,0.027261462205700124
hi,all test,0.05,0.01571498136499558,0.5896501457725948,0.027194066749072928
hi,all test,0.05,0.01575104647693387,0.5911078717201166,0.027127003699136867
hi,all test,0.05,0.01590354558913399,0.5925655976676385,0.02706027060270603
hi,all test,0.05,0.015952058621157814,0.5940233236151603,0.026993865030674847
hi,all test,0.05,0.01598800884829705,0.5954810495626822,0.02692778457772338
hi,all test,0.05,0.01610019347034821,0.5969387755102041,0.026862026862026864
hi,all test,0.05,0.016128974717644507,0.5983965014577259,0.02679658952496955
hi,all test,0.05,0.016176433532539402,0.5998542274052479,0.026731470230862697
hi,all test,0.05,0.0162514688475268,0.6013119533527697,0.02666666666666667
hi,all test,0.05,0.016356835052498436,0.6027696793002916,0.026602176541717048
hi,all test,0.05,0.016392183600530973,0.6042274052478134,0.026537997587454766
hi,all test,0.05,0.016450366127005473,0.6056851311953353,0.026474127557160047
hi,all test,0.05,0.016475128765660315,0.6071428571428571,0.026410564225690276
hi,all test,0.05,0.016589485523680194,0.608600583090379,0.026347305389221556
hi,all test,0.05,0.01673404041646091,0.6100583090379009,0.026284348864994027
hi,all test,0.05,0.016771791949747008,0.6115160349854227,0.026221692491060787
hi,all test,0.05,0.016793796063653558,0.6129737609329446,0.026159334126040427
hi,all test,0.05,0.016842121604824078,0.6144314868804664,0.02609727164887307
hi,all test,0.05,0.016887270963422095,0.6158892128279884,0.02603550295857988
hi,all test,0.05,0.016951624338512137,0.6173469387755102,0.025974025974025976
hi,all test,0.05,0.016983035036026675,0.6188046647230321,0.02591283863368669
hi,all test,0.05,0.017012853842372812,0.6202623906705539,0.025851938895417155
hi,all test,0.05,0.017093611472415667,0.6217201166180758,0.02579132473622509
hi,all test,0.05,0.01712535874662097,0.6231778425655977,0.025730994152046785
hi,all test,0.05,0.017197762829621793,0.6246355685131195,0.025670945157526253
hi,all test,0.05,0.017294563339515404,0.6260932944606414,0.025611175785797437
hi,all test,0.05,0.017311104311911466,0.6275510204081632,0.025551684088269456
hi,all test,0.05,0.017347272825950447,0.6290087463556852,0.02549246813441483
hi,all test,0.05,0.0174194652220337,0.630466472303207,0.025433526011560695
hi,all test,0.05,0.017453826778047927,0.6319241982507289,0.025374855824682813
hi,all test,0.05,0.0175085579724798,0.6333819241982507,0.02531645569620253
hi,all test,0.05,0.01754473868065982,0.6348396501457726,0.02525832376578645
hi,all test,0.05,0.01765075836454866,0.6362973760932945,0.025200458190148912
hi,all test,0.05,0.017732562143406586,0.6377551020408163,0.025142857142857144
hi,all test,0.05,0.017800797758305908,0.6392128279883382,0.02508551881413911
hi,all test,0.05,0.017933500534227268,0.64067055393586,0.02502844141069397
hi,all test,0.05,0.01795732081075627,0.642128279883382,0.024971623155505107
hi,all test,0.05,0.018009936020024774,0.6435860058309038,0.02491506228765572
hi,all test,0.05,0.018039076567996682,0.6450437317784257,0.024858757062146894
hi,all test,0.05,0.018061387239326116,0.6465014577259475,0.02480270574971815
hi,all test,0.05,0.018107076668427487,0.6479591836734694,0.024746906636670417
hi,all test,0.05,0.018168605334725984,0.6494169096209913,0.024691358024691357
hi,all test,0.05,0.018176964931349585,0.6508746355685131,0.02463605823068309
hi,all test,0.05,0.018288193117887153,0.652332361516035,0.024581005586592177
hi,all test,0.05,0.01829210995754314,0.6537900874635568,0.024526198439241916
hi,all test,0.05,0.018404969496727788,0.6552478134110787,0.024471635150166853
hi,all test,0.05,0.018441806658144003,0.6567055393586005,0.0244173140954495
hi,all test,0.05,0.01849223041634454,0.6581632653061225,0.024363233665559248
hi,all test,0.05,0.018645925521845075,0.6596209912536443,0.02430939226519337
hi,all test,0.05,0.01884397012697942,0.6610787172011662,0.024255788313120176
hi,all test,0.05,0.018958815569076744,0.6625364431486881,0.0242024202420242
hi,all test,0.05,0.01901059454257279,0.6639941690962099,0.024149286498353458
hi,all test,0.05,0.019058756981159507,0.6654518950437318,0.024096385542168676
hi,all test,0.05,0.01910226000305848,0.6669096209912536,0.024043715846994537
hi,all test,0.05,0.019127033326309165,0.6683673469387755,0.023991275899672846
hi,all test,0.05,0.019135297155341867,0.6698250728862973,0.023939064200217627
hi,all test,0.05,0.01917111107272097,0.6712827988338192,0.0249728555917481
hi,all test,0.05,0.019249514325843056,0.672740524781341,0.024918743228602384
hi,all test,0.05,0.01930335433125094,0.674198250728863,0.024864864864864864
hi,all test,0.05,0.019426080469437876,0.6756559766763849,0.02481121898597627
hi,all test,0.05,0.019529902610287517,0.6771137026239067,0.024757804090419805
hi,all test,0.05,0.019547124526154522,0.6785714285714286,0.024704618689581095
hi,all test,0.05,0.019656646481276626,0.6800291545189504,0.02465166130760986
hi,all test,0.05,0.019694052437250253,0.6814868804664723,0.02459893048128342
hi,all test,0.05,0.019762423220056738,0.6829446064139941,0.02454642475987193
hi,all test,0.05,0.01977948208789231,0.684402332361516,0.024494142705005325
hi,all test,0.05,0.019798223331677526,0.6858600583090378,0.024442082890541977
hi,all test,0.05,0.019824344087191026,0.6873177842565598,0.024390243902439025
hi,all test,0.05,0.01988026488551422,0.6887755102040817,0.02433862433862434
hi,all test,0.05,0.019933048096377425,0.6902332361516035,0.024287222808870117
hi,all test,0.05,0.019961385299958417,0.6916909620991254,0.02423603793466807
hi,all test,0.05,0.020102505680025605,0.6931486880466472,0.024185068349106203
hi,all test,0.05,0.020166181713791188,0.6946064139941691,0.024134312696747113
hi,all test,0.05,0.020224870267826718,0.6960641399416909,0.024083769633507852
hi,all test,0.05,0.020242803830908537,0.6975218658892128,0.024033437826541274
hi,all test,0.05,0.02025932917262674,0.6989795918367347,0.023983315954118872
hi,all test,0.05,0.02031580934063968,0.7004373177842566,0.023933402705515087
hi,all test,0.05,0.02047609583219195,0.7018950437317785,0.023883696780893044
hi,all test,0.05,0.02072617895090564,0.7033527696793003,0.02383419689119171
hi,all test,0.05,0.020753443637400112,0.7048104956268222,0.023784901758014478
hi,all test,0.05,0.020776133687061688,0.706268221574344,0.023735810113519093
hi,all test,0.05,0.020920283665400424,0.7084548104956269,0.023662551440329218
hi,all test,0.05,0.02095733790163515,0.7099125364431487,0.023613963039014373
hi,all test,0.05,0.02096247359162613,0.7113702623906706,0.0235655737704918
hi,all test,0.05,0.021029276121338335,0.7128279883381924,0.023517382413087935
hi,all test,0.05,0.02116462121970661,0.7142857142857143,0.02346938775510204
hi,all test,0.05,0.021191746153316888,0.7157434402332361,0.023421588594704685
hi,all test,0.05,0.0212777046416443,0.717201166180758,0.024390243902439025
hi,all test,0.05,0.02130961958241009,0.7186588921282799,0.02434077079107505
hi,all test,0.05,0.02143857945504426,0.7201166180758017,0.024291497975708502
hi,all test,0.05,0.021501924153454057,0.7215743440233237,0.024242424242424242
hi,all test,0.05,0.021532652323490296,0.7230320699708455,0.024193548387096774
hi,all test,0.05,0.021546785402862458,0.7244897959183674,0.02414486921529175
hi,all test,0.05,0.021595183815223348,0.7259475218658892,0.024096385542168676
hi,all test,0.05,0.021698037095899174,0.7274052478134111,0.02404809619238477
hi,all test,0.05,0.021794245401523804,0.7288629737609329,0.024
hi,all test,0.05,0.021850261392602103,0.7303206997084548,0.0249500998003992
hi,all test,0.05,0.02188704072166042,0.7317784256559767,0.0249003984063745
hi,all test,0.05,0.02202719440069269,0.7332361516034985,0.02584493041749503
hi,all test,0.05,0.022097645049654984,0.7346938775510204,0.025793650793650792
hi,all test,0.05,0.02219499755946111,0.7361516034985423,0.02574257425742574
hi,all test,0.05,0.022216677552386883,0.7376093294460642,0.025691699604743084
hi,all test,0.05,0.02236221421586123,0.739067055393586,0.02564102564102564
hi,all test,0.05,0.022389623084448574,0.7405247813411079,0.025590551181102362
hi,all test,0.05,0.02252464534713046,0.7419825072886297,0.025540275049115914
hi,all test,0.05,0.02269935137417618,0.7434402332361516,0.026470588235294117
hi,all test,0.05,0.022725068230152714,0.7448979591836735,0.026418786692759294
hi,all test,0.05,0.02276098293492008,0.7463556851311953,0.0263671875
hi,all test,0.05,0.022905986753401292,0.7478134110787172,0.02729044834307992
hi,all test,0.05,0.023139132000431765,0.749271137026239,0.027237354085603113
hi,all test,0.05,0.02315071225146255,0.750728862973761,0.02815533980582524
hi,all test,0.05,0.023177437390919424,0.7521865889212828,0.02810077519379845
hi,all test,0.05,0.023309609016295956,0.7536443148688047,0.02804642166344294
hi,all test,0.05,0.023367631821522766,0.7551020408163265,0.027992277992277992
hi,all test,0.05,0.023390130058528122,0.7565597667638484,0.028901734104046242
hi,all test,0.05,0.023395417070167,0.7580174927113703,0.02980769230769231
hi,all test,0.05,0.02340873823467909,0.7594752186588921,0.029750479846449136
hi,all test,0.05,0.023589117235093215,0.760932944606414,0.029693486590038315
hi,all test,0.05,0.02362845742437865,0.7623906705539358,0.029636711281070746
hi,all test,0.05,0.023677466455390893,0.7638483965014577,0.029580152671755726
hi,all test,0.05,0.02374803130462029,0.7653061224489796,0.029523809523809525
hi,all test,0.05,0.023821012554030168,0.7667638483965015,0.029467680608365018
hi,all test,0.05,0.02393676954707488,0.7682215743440233,0.029411764705882353
hi,all test,0.05,0.024056893011924513,0.7696793002915452,0.029356060606060608
hi,all test,0.05,0.024114710180308294,0.7711370262390671,0.02930056710775047
hi,all test,0.05,0.024203212344455584,0.7725947521865889,0.029245283018867925
hi,all test,0.05,0.02438476199212923,0.7740524781341108,0.02919020715630885
hi,all test,0.05,0.024415817986988084,0.7755102040816326,0.02913533834586466
hi,all test,0.05,0.024570422784540347,0.7769679300291545,0.0300187617260788
hi,all test,0.05,0.02470305436560591,0.7784256559766763,0.0299625468164794
hi,all test,0.05,0.02472569837772338,0.7798833819241983,0.029906542056074768
hi,all test,0.05,0.024746723505809833,0.7813411078717201,0.029850746268656716
hi,all test,0.05,0.02489798569602223,0.782798833819242,0.030726256983240222
hi,all test,0.05,0.02495664461605384,0.7842565597667639,0.03066914498141264
hi,all test,0.05,0.02514891496778961,0.7857142857142857,0.030612244897959183
hi,all test,0.05,0.025231061448570184,0.7871720116618076,0.030555555555555555
hi,all test,0.05,0.025280976208004978,0.7886297376093294,0.030499075785582256
hi,all test,0.05,0.02530039578599682,0.7900874635568513,0.03044280442804428
hi,all test,0.05,0.025502404147688108,0.7915451895043731,0.03038674033149171
hi,all test,0.05,0.025684275014071393,0.793002915451895,0.030330882352941176
hi,all test,0.05,0.026028421519438794,0.7944606413994169,0.030275229357798167
hi,all test,0.05,0.026042029549697667,0.7959183673469388,0.031135531135531136
hi,all test,0.05,0.026330702909325668,0.7973760932944607,0.031992687385740404
hi,all test,0.05,0.02644536993029409,0.7988338192419825,0.03193430656934307
hi,all test,0.05,0.026967432329220175,0.8002915451895044,0.031876138433515486
hi,all test,0.05,0.027317651541260885,0.8017492711370262,0.03272727272727273
hi,all test,0.05,0.02760137361658226,0.8032069970845481,0.032667876588021776
hi,all test,0.05,0.027910070798245,0.8046647230320699,0.03351449275362319
hi,all test,0.05,0.028176136487918398,0.8061224489795918,0.034358047016274866
hi,all test,0.05,0.02839955367768402,0.8075801749271136,0.03429602888086643
hi,all test,0.05,0.02887364870248351,0.8090379008746356,0.03513513513513514
hi,all test,0.05,0.028983853416785613,0.8104956268221575,0.03507194244604316
hi,all test,0.05,0.02909120064709462,0.8119533527696793,0.03590664272890485
hi,all test,0.05,0.029538117082078964,0.8134110787172012,0.035842293906810034
hi,all test,0.05,0.029751650151254562,0.814868804664723,0.03667262969588551
hi,all test,0.05,0.03043504806318526,0.8163265306122449,0.03660714285714286
hi,all test,0.05,0.031238264354491948,0.8177842565597667,0.0374331550802139
hi,all test,0.05,0.03134702524386363,0.8192419825072886,0.037366548042704624
hi,all test,0.05,0.03158397461442659,0.8206997084548106,0.03818827708703375
hi,all test,0.05,0.0317834574038822,0.8221574344023324,0.03900709219858156
hi,all test,0.05,0.033746464920765266,0.8236151603498543,0.03893805309734513
hi,all test,0.05,0.03439436451252018,0.8250728862973761,0.038869257950530034
hi,all test,0.05,0.035101409444864125,0.826530612244898,0.03968253968253968
hi,all test,0.05,0.03544372631189652,0.8279883381924198,0.04137323943661972
hi,all test,0.05,0.03585441434664618,0.8294460641399417,0.04130052724077329
hi,all test,0.05,0.03662085134353453,0.8309037900874635,0.042105263157894736
hi,all test,0.05,0.03752330148952788,0.8323615160349854,0.042907180385288964
hi,all test,0.05,0.038337452608410025,0.8338192419825073,0.043706293706293704
hi,all test,0.05,0.038795149820661214,0.8352769679300291,0.04363001745200698
hi,all test,0.05,0.04045092227405893,0.8367346938775511,0.04529616724738676
hi,all test,0.05,0.04143105593625085,0.8381924198250729,0.04608695652173913
hi,all test,0.05,0.041856097302076276,0.8396501457725948,0.046875
hi,all test,0.05,0.04255283072894605,0.8411078717201166,0.04679376083188908
hi,all test,0.05,0.04389774459132024,0.8425655976676385,0.04671280276816609
hi,all test,0.05,0.0445709842443355,0.8440233236151603,0.047495682210708115
hi,all test,0.05,0.046443080579603904,0.8454810495626822,0.04741379310344827
hi,all test,0.05,0.04697317266894835,0.8469387755102041,0.047332185886402756
hi,all test,0.05,0.04968257158371681,0.8483965014577259,0.048109965635738834
hi,all test,0.05,0.05070767342181583,0.8498542274052479,0.04888507718696398
hi,all test,0.05,0.051991084282712756,0.8513119533527697,0.05051369863013699
hi,all test,0.05,0.05246155541429597,0.8527696793002916,0.05042735042735043
hi,all test,0.05,0.05455965418102226,0.8549562682215743,0.05200341005967604
hi,all test,0.05,0.05467296392468831,0.8564139941690962,0.05361702127659575
hi,all test,0.05,0.05481433037394063,0.857871720116618,0.055225148683092605
hi,all test,0.05,0.05710861324075703,0.85932944606414,0.0551314673452078
hi,all test,0.05,0.058176004270618836,0.8607871720116618,0.0558848433530906
hi,all test,0.05,0.0584930725118498,0.8622448979591837,0.0566356720202874
hi,all test,0.05,0.06080458282793206,0.8637026239067055,0.05738396624472574
hi,all test,0.05,0.06219101046910938,0.8651603498542274,0.05812973883740522
hi,all test,0.05,0.06415564799839436,0.8666180758017493,0.05971404541631623
hi,all test,0.05,0.06526976126481723,0.8680758017492711,0.060453400503778336
hi,all test,0.05,0.06658770084362504,0.869533527696793,0.06119027661357921
hi,all test,0.05,0.06792491398902703,0.8709912536443148,0.06192468619246862
hi,all test,0.05,0.06832792673686316,0.8724489795918368,0.06265664160401002
hi,all test,0.05,0.06883724130921234,0.8739067055393586,0.0633861551292744
hi,all test,0.05,0.07013597704383229,0.8753644314868805,0.06411323896752706
hi,all test,0.05,0.07291992625059439,0.8768221574344023,0.06483790523690773
hi,all test,0.05,0.07460462998550067,0.8782798833819242,0.06473029045643154
hi,all test,0.05,0.0799072980987346,0.8797376093294461,0.06462303231151616
hi,all test,0.05,0.08071212800642222,0.8811953352769679,0.065343258891646
hi,all test,0.05,0.08325400981421205,0.8826530612244898,0.06523534269199009
hi,all test,0.05,0.08742838593001519,0.8841107871720116,0.06595218466611706
hi,all test,0.05,0.09103177067556686,0.8855685131195336,0.06748971193415639
hi,all test,0.05,0.0919909375651565,0.8870262390670554,0.06820049301561217
hi,all test,0.05,0.10091961445121204,0.8884839650145773,0.06972928630024611
hi,all test,0.05,0.1030802000698322,0.8899416909620991,0.07043407043407043
hi,all test,0.05,0.10777168574457803,0.891399416909621,0.07195421095666395
hi,all test,0.05,0.10989920663881907,0.8928571428571429,0.07265306122448979
hi,all test,0.05,0.11152403425107256,0.8943148688046647,0.07334963325183375
hi,all test,0.05,0.11389988596651228,0.8957725947521866,0.07404393816110659
hi,all test,0.05,0.11849003002710286,0.8972303206997084,0.07554833468724614
hi,all test,0.05,0.12069331788925006,0.8986880466472303,0.07623682076236821
hi,all test,0.05,0.12537510171097435,0.9001457725947521,0.07611336032388664
hi,all test,0.05,0.12775080937503466,0.9016034985422741,0.07760711398544867
hi,all test,0.05,0.13269832687900765,0.9030612244897959,0.07909604519774012
hi,all test,0.05,0.13854218001903762,0.9045189504373178,0.07977437550362611
hi,all test,0.05,0.14027481612183104,0.9059766763848397,0.08045052292839903
hi,all test,0.05,0.1520127929325314,0.9074344023323615,0.08112449799196787
hi,all test,0.05,0.15752774730301305,0.9088921282798834,0.0809943865276664
hi,all test,0.05,0.16041527449209675,0.9103498542274052,0.08166533226581266
hi,all test,0.05,0.16596582260151355,0.9118075801749271,0.08233413269384493
hi,all test,0.05,0.16911255160248692,0.9132653061224489,0.08300079808459697
hi,all test,0.05,0.18804150412360984,0.9147230320699709,0.08366533864541832
hi,all test,0.05,0.19841381386910809,0.9161807580174927,0.08512330946698489
hi,all test,0.05,0.20641779187125095,0.9176384839650146,0.08498808578236695
hi,all test,0.05,0.21679047987549901,0.9190962099125365,0.08564631245043616
hi,all test,0.05,0.21833631768539438,0.9205539358600583,0.08709422011084719
hi,all test,0.05,0.2346874511734944,0.9220116618075802,0.08695652173913043
hi,all test,0.05,0.23849210256261594,0.923469387755102,0.08839779005524862
hi,all test,0.05,0.25602587566125684,0.9249271137026239,0.08983451536643026
hi,all test,0.05,0.26007657247379296,0.9263848396501457,0.0904799370574351
hi,all test,0.05,0.265098211212913,0.9278425655976676,0.09112333071484682
hi,all test,0.05,0.28773497086903266,0.9293002915451894,0.09254901960784313
hi,all test,0.05,0.29245597243001403,0.9307580174927114,0.09397024275646046
hi,all test,0.05,0.30805959734378524,0.9322157434402333,0.09538702111024237
hi,all test,0.05,0.31599174165258936,0.9336734693877551,0.09679937548790007
hi,all test,0.05,0.32155610473474827,0.935131195335277,0.09742790335151988
hi,all test,0.05,0.33848826477373817,0.9365889212827988,0.09883268482490272
hi,all test,0.05,0.3446207528833764,0.9380466472303207,0.09867909867909867
hi,all test,0.05,0.35339865396578096,0.9395043731778425,0.09930178432893716
hi,all test,0.05,0.36075323103876733,0.9409620991253644,0.09992254066615028
hi,all test,0.05,0.3708145801982007,0.9424198250728864,0.09976798143851508
hi,all test,0.05,0.38285619548858923,0.9438775510204082,0.10038610038610038
hi,all test,0.05,0.3842315362425801,0.9453352769679301,0.10100231303006939
hi,all test,0.05,0.39374714178700554,0.9467930029154519,0.10161662817551963
hi,all test,0.05,0.39511752895518865,0.9482507288629738,0.10222905457340507
hi,all test,0.05,0.4069112997282942,0.9497084548104956,0.10360706062931696
hi,all test,0.05,0.41494448711685605,0.9511661807580175,0.10421455938697317
hi,all test,0.05,0.42183876147951843,0.9526239067055393,0.10482019892884469
hi,all test,0.05,0.43640583270774824,0.9540816326530612,0.10618792971734148
hi,all test,0.05,0.44351239214870825,0.9555393586005831,0.10678871090770405
hi,all test,0.05,0.4594401309371709,0.956997084548105,0.10738766184310738
hi,all test,0.05,0.466680044094643,0.9584548104956269,0.10798479087452471
hi,all test,0.05,0.4737001973012951,0.9599125364431487,0.10933940774487472
hi,all test,0.05,0.48163186206471464,0.9613702623906706,0.1106899166034875
hi,all test,0.05,0.486162663382307,0.9628279883381924,0.11203633610900833
hi,all test,0.05,0.48972667791355234,0.9642857142857143,0.1126228269085412
hi,all test,0.05,0.5212284973372572,0.9657434402332361,0.11396226415094339
hi,all test,0.05,0.5430110106173196,0.967201166180758,0.11529766390354182
hi,all test,0.05,0.5680731975637854,0.9686588921282799,0.11662904439428141
hi,all test,0.05,0.5807831734840052,0.9701166180758017,0.11720510894064613
hi,all test,0.05,0.5903173979140636,0.9715743440233237,0.11852963240810202
hi,all test,0.05,0.5947168445776091,0.9730320699708455,0.11910112359550562
hi,all test,0.05,0.6013410041772549,0.9744897959183674,0.12041884816753927
hi,all test,0.05,0.6098296489053231,0.9759475218658892,0.12098581030619865
hi,all test,0.05,0.6111452771579805,0.9774052478134111,0.12229679343773303
hi,all test,0.05,0.6214278243988112,0.9788629737609329,0.12360387192851824
hi,all test,0.05,0.631664937221567,0.9803206997084548,0.1241635687732342
hi,all test,0.05,0.635884703809476,0.9817784256559767,0.12546399406087602
hi,all test,0.05,0.6405521524876802,0.9832361516034985,0.12601927353595255
hi,all test,0.05,0.6461856100035732,0.9846938775510204,0.12731310140636565
hi,all test,0.05,0.6515320917562257,0.9861516034985423,0.1278640059127864
hi,all test,0.05,0.6568460778293982,0.9876093294460642,0.12915129151291513
hi,all test,0.05,0.6628520816785948,0.989067055393586,0.13043478260869565
hi,all test,0.05,0.6683438739016614,0.9905247813411079,0.13171449595290655
hi,all test,0.05,0.6992336198382306,0.9919825072886297,0.13299044819985306
hi,all test,0.05,0.7065891701535004,0.9934402332361516,0.13352898019075568
hi,all test,0.05,0.7173259706941663,0.9948979591836735,0.1347985347985348
hi,all test,0.05,0.7274558614701654,0.9963556851311953,0.13606437454279444
hi,all test,0.05,0.7305701057363703,0.9978134110787172,0.13732651570489407
hi,all test,0.05,0.7366648424605313,1.0,0.1392128279883382
hi,llama only,0.01,0.0,0.24245689655172414,0.017777777777777778
hi,llama only,0.01,0.011887828531032532,0.2435344827586207,0.017699115044247787
hi,llama only,0.01,0.012840862690806174,0.24568965517241378,0.017543859649122806
hi,llama only,0.01,0.013367131772294013,0.24892241379310345,0.017316017316017316
hi,llama only,0.01,0.013580832100365066,0.2510775862068966,0.017167381974248927
hi,llama only,0.01,0.013923674500649004,0.25323275862068967,0.01702127659574468
hi,llama only,0.01,0.014122510208886852,0.25646551724137934,0.01680672268907563
hi,llama only,0.01,0.014304419780795743,0.25862068965517243,0.016666666666666666
hi,llama only,0.01,0.014433093016204598,0.2607758620689655,0.01652892561983471
hi,llama only,0.01,0.014569294011001209,0.2640086206896552,0.0163265306122449
hi,llama only,0.01,0.014697924949456499,0.2661637931034483,0.016194331983805668
hi,llama only,0.01,0.014914290923010484,0.2683189655172414,0.01606425702811245
hi,llama only,0.01,0.015008473624882213,0.27155172413793105,0.015873015873015872
hi,llama only,0.01,0.015230746097223496,0.27370689655172414,0.015748031496062992
hi,llama only,0.01,0.015295374961327922,0.27586206896551724,0.015625
hi,llama only,0.01,0.015532844474076742,0.2790948275862069,0.015444015444015444
hi,llama only,0.01,0.01574377010455399,0.28125,0.01532567049808429
hi,llama only,0.01,0.01590354558913399,0.28448275862068967,0.015151515151515152
hi,llama only,0.01,0.015952058621157814,0.28663793103448276,0.015037593984962405
hi,llama only,0.01,0.01598800884829705,0.28879310344827586,0.014925373134328358
hi,llama only,0.01,0.01612044679380048,0.2920258620689655,0.014760147601476014
hi,llama only,0.01,0.016130816908806616,0.2941810344827586,0.014652014652014652
hi,llama only,0.01,0.01619295953768561,0.2963362068965517,0.014545454545454545
hi,llama only,0.01,0.016356835052498436,0.2995689655172414,0.014388489208633094
hi,llama only,0.01,0.016392183600530973,0.3017241379310345,0.014285714285714285
hi,llama only,0.01,0.016450366127005473,0.30387931034482757,0.014184397163120567
hi,llama only,0.01,0.016576261220532292,0.30711206896551724,0.014035087719298246
hi,llama only,0.01,0.016727160445398282,0.30926724137931033,0.013937282229965157
hi,llama only,0.01,0.016742254908483377,0.3114224137931034,0.01384083044982699
hi,llama only,0.01,0.016793796063653558,0.3146551724137931,0.0136986301369863
hi,llama only,0.01,0.016842121604824078,0.3168103448275862,0.013605442176870748
hi,llama only,0.01,0.016887270963422095,0.31896551724137934,0.013513513513513514
hi,llama only,0.01,0.016973296637076033,0.32219827586206895,0.013377926421404682
hi,llama only,0.01,0.016984261469878983,0.32435344827586204,0.013289036544850499
hi,llama only,0.01,0.017093611472415667,0.3275862068965517,0.013157894736842105
hi,llama only,0.01,0.01712535874662097,0.3297413793103448,0.013071895424836602
hi,llama only,0.01,0.017197762829621793,0.33189655172413796,0.012987012987012988
hi,llama only,0.01,0.017310319876616704,0.33512931034482757,0.012861736334405145
hi,llama only,0.01,0.01731392666765604,0.33728448275862066,0.012779552715654952
hi,llama only,0.01,0.01737867923744451,0.3394396551724138,0.012698412698412698
hi,llama only,0.01,0.017453826778047927,0.3426724137931034,0.012578616352201259
hi,llama only,0.01,0.0175085579724798,0.3448275862068966,0.0125
hi,llama only,0.01,0.01754473868065982,0.34698275862068967,0.012422360248447204
hi,llama only,0.01,0.017682830070528757,0.35021551724137934,0.012307692307692308
hi,llama only,0.01,0.01774920497372744,0.35237068965517243,0.012232415902140673
hi,llama only,0.01,0.017874194302336426,0.3545258620689655,0.0121580547112462
hi,llama only,0.01,0.01795732081075627,0.3577586206896552,0.012048192771084338
hi,llama only,0.01,0.018009936020024774,0.3599137931034483,0.011976047904191617
hi,llama only,0.01,0.018040038245669538,0.36314655172413796,0.011869436201780416
hi,llama only,0.01,0.01808828187855668,0.36530172413793105,0.011799410029498525
hi,llama only,0.01,0.018131862183778952,0.36745689655172414,0.011730205278592375
hi,llama only,0.01,0.018176964931349585,0.3706896551724138,0.011627906976744186
hi,llama only,0.01,0.018288193117887153,0.3728448275862069,0.011560693641618497
hi,llama only,0.01,0.01829210995754314,0.375,0.011494252873563218
hi,llama only,0.01,0.018415826478433487,0.37823275862068967,0.011396011396011397
hi,llama only,0.01,0.018466604867815824,0.38038793103448276,0.0113314447592068
hi,llama only,0.01,0.018560912549653998,0.38254310344827586,0.011267605633802818
hi,llama only,0.01,0.01884397012697942,0.3857758620689655,0.0111731843575419
hi,llama only,0.01,0.018958815569076744,0.3879310344827586,0.011111111111111112
hi,llama only,0.01,0.01901059454257279,0.3900862068965517,0.011049723756906077
hi,llama only,0.01,0.019096536035760288,0.3933189655172414,0.010958904109589041
hi,llama only,0.01,0.01910455363442875,0.3954741379310345,0.010899182561307902
hi,llama only,0.01,0.019127614951528246,0.39762931034482757,0.01084010840108401
hi,llama only,0.01,0.01923677092091513,0.40086206896551724,0.010752688172043012
hi,llama only,0.01,0.019287892435910396,0.40301724137931033,0.0106951871657754
hi,llama only,0.01,0.019426080469437876,0.40625,0.010610079575596816
hi,llama only,0.01,0.019529902610287517,0.4084051724137931,0.010554089709762533
hi,llama only,0.01,0.019547124526154522,0.4105603448275862,0.010498687664041995
hi,llama only,0.01,0.019673032539189454,0.41379310344827586,0.010416666666666666
hi,llama only,0.01,0.019706933328265206,0.41594827586206895,0.010362694300518135
hi,llama only,0.01,0.019766235569285008,0.41810344827586204,0.010309278350515464
hi,llama only,0.01,0.019798223331677526,0.4213362068965517,0.010230179028132993
hi,llama only,0.01,0.019824344087191026,0.4234913793103448,0.010178117048346057
hi,llama only,0.01,0.01988026488551422,0.42564655172413796,0.010126582278481013
hi,llama only,0.01,0.019949447008549333,0.42887931034482757,0.010050251256281407
hi,llama only,0.01,0.020076085565440317,0.43103448275862066,0.01
hi,llama only,0.01,0.020112900582431613,0.4331896551724138,0.009950248756218905
hi,llama only,0.01,0.020224870267826718,0.4364224137931034,0.009876543209876543
hi,llama only,0.01,0.020242803830908537,0.4385775862068966,0.009828009828009828
hi,llama only,0.01,0.0202921787396036,0.4418103448275862,0.00975609756097561
hi,llama only,0.01,0.020439406722907384,0.44396551724137934,0.009708737864077669
hi,llama only,0.01,0.020659270781926028,0.44612068965517243,0.00966183574879227
hi,llama only,0.01,0.020753443637400112,0.44935344827586204,0.009592326139088728
hi,llama only,0.01,0.020776133687061688,0.4515086206896552,0.00954653937947494
hi,llama only,0.01,0.02089712524752552,0.4536637931034483,0.009501187648456057
hi,llama only,0.01,0.02095733790163515,0.45689655172413796,0.009433962264150943
hi,llama only,0.01,0.02096247359162613,0.45905172413793105,0.009389671361502348
hi,llama only,0.01,0.021029276121338335,0.46120689655172414,0.009345794392523364
hi,llama only,0.01,0.021187341709358747,0.4644396551724138,0.009280742459396751
hi,llama only,0.01,0.021192576238668704,0.4665948275862069,0.009237875288683603
hi,llama only,0.01,0.02128941153720554,0.46875,0.011494252873563218
hi,llama only,0.01,0.02143857945504426,0.47198275862068967,0.01141552511415525
hi,llama only,0.01,0.021501924153454057,0.47413793103448276,0.011363636363636364
hi,llama only,0.01,0.021532652323490296,0.47629310344827586,0.011312217194570135
hi,llama only,0.01,0.021586716074549452,0.4795258620689655,0.011235955056179775
hi,llama only,0.01,0.021607189009406964,0.4816810344827586,0.011185682326621925
hi,llama only,0.01,0.021794245401523804,0.4849137931034483,0.011111111111111112
hi,llama only,0.01,0.021850261392602103,0.4870689655172414,0.01327433628318584
hi,llama only,0.01,0.02188704072166042,0.4892241379310345,0.013215859030837005
hi,llama only,0.01,0.022049501903614734,0.49245689655172414,0.015317286652078774
hi,llama only,0.01,0.022139650719521006,0.49461206896551724,0.015250544662309368
hi,llama only,0.01,0.02221540825428495,0.49676724137931033,0.015184381778741865
hi,llama only,0.01,0.02236221421586123,0.5,0.015086206896551725
hi,llama only,0.01,0.022389623084448574,0.5021551724137931,0.015021459227467811
hi,llama only,0.01,0.02267512809889697,0.5043103448275862,0.014957264957264958
hi,llama only,0.01,0.022725068230152714,0.5075431034482759,0.014861995753715499
hi,llama only,0.01,0.02276098293492008,0.509698275862069,0.014799154334038054
hi,llama only,0.01,0.022905986753401292,0.5118534482758621,0.016842105263157894
hi,llama only,0.01,0.023148835493912927,0.5150862068965517,0.016736401673640166
hi,llama only,0.01,0.023163814765134516,0.5172413793103449,0.01875
hi,llama only,0.01,0.023261410264237423,0.5193965517241379,0.01867219917012448
hi,llama only,0.01,0.023367631821522766,0.5226293103448276,0.018556701030927835
hi,llama only,0.01,0.023390130058528122,0.5247844827586207,0.02053388090349076
hi,llama only,0.01,0.023395944296655025,0.5280172413793104,0.022448979591836733
hi,llama only,0.01,0.023430883518192388,0.5301724137931034,0.022357723577235773
hi,llama only,0.01,0.023612188343909272,0.5323275862068966,0.022267206477732792
hi,llama only,0.01,0.023677466455390893,0.5355603448275862,0.022132796780684104
hi,llama only,0.01,0.02374803130462029,0.5377155172413793,0.022044088176352707
hi,llama only,0.01,0.023821012554030168,0.5398706896551724,0.021956087824351298
hi,llama only,0.01,0.02398764827574349,0.5431034482758621,0.021825396825396824
hi,llama only,0.01,0.02410102198661915,0.5452586206896551,0.021739130434782608
hi,llama only,0.01,0.024155491687621513,0.5474137931034483,0.021653543307086614
hi,llama only,0.01,0.02438476199212923,0.5506465517241379,0.021526418786692758
hi,llama only,0.01,0.024415817986988084,0.552801724137931,0.021442495126705652
hi,llama only,0.01,0.024624070827579708,0.5549568965517241,0.021359223300970873
hi,llama only,0.01,0.02472569837772338,0.5581896551724138,0.021235521235521235
hi,llama only,0.01,0.024746723505809833,0.5603448275862069,0.021153846153846155
hi,llama only,0.01,0.024928318013747945,0.5635775862068966,0.022944550669216062
hi,llama only,0.01,0.02500387082968487,0.5657327586206896,0.022857142857142857
hi,llama only,0.01,0.025173567594239273,0.5678879310344828,0.022770398481973434
hi,llama only,0.01,0.025280976208004978,0.5711206896551724,0.022641509433962263
hi,llama only,0.01,0.02530039578599682,0.5732758620689655,0.022556390977443608
hi,llama only,0.01,0.025502404147688108,0.5754310344827587,0.02247191011235955
hi,llama only,0.01,0.026025113849865826,0.5786637931034483,0.0223463687150838
hi,llama only,0.01,0.026033869929498177,0.5808189655172413,0.02411873840445269
hi,llama only,0.01,0.026104701640597534,0.5829741379310345,0.025878003696857672
hi,llama only,0.01,0.02644536993029409,0.5862068965517241,0.025735294117647058
hi,llama only,0.01,0.026967432329220175,0.5883620689655172,0.02564102564102564
hi,llama only,0.01,0.027317651541260885,0.5905172413793104,0.02737226277372263
hi,llama only,0.01,0.027738451051468712,0.59375,0.029038112522686024
hi,llama only,0.01,0.028176136487918398,0.5959051724137931,0.028933092224231464
hi,llama only,0.01,0.02839955367768402,0.5980603448275862,0.02882882882882883
hi,llama only,0.01,0.028941883071353636,0.6012931034482759,0.03046594982078853
hi,llama only,0.01,0.02905451950712857,0.603448275862069,0.03214285714285714
hi,llama only,0.01,0.029538117082078964,0.6066810344827587,0.03197158081705151
hi,llama only,0.01,0.02995082625248682,0.6088362068965517,0.03185840707964602
hi,llama only,0.01,0.030901465999171568,0.6109913793103449,0.03350970017636684
hi,llama only,0.01,0.03134702524386363,0.6142241379310345,0.03333333333333333
hi,llama only,0.01,0.03160575457561084,0.6163793103448276,0.03496503496503497
hi,llama only,0.01,0.03250461263503158,0.6185344827586207,0.03484320557491289
hi,llama only,0.01,0.03439436451252018,0.6217672413793104,0.03466204506065858
hi,llama only,0.01,0.03510181702340652,0.6239224137931034,0.03626943005181347
hi,llama only,0.01,0.03550572870766556,0.6260775862068966,0.0378657487091222
hi,llama only,0.01,0.03703331718567617,0.6293103448275862,0.039383561643835614
hi,llama only,0.01,0.03825400309380024,0.6314655172413793,0.040955631399317405
hi,llama only,0.01,0.03848252670728488,0.6336206896551724,0.04081632653061224
hi,llama only,0.01,0.04045092227405893,0.6368534482758621,0.043993231810490696
hi,llama only,0.01,0.04143105593625085,0.6390086206896551,0.045531197301854974
hi,llama only,0.01,0.042168337221725305,0.6422413793103449,0.04697986577181208
hi,llama only,0.01,0.04343743612530986,0.6443965517241379,0.046822742474916385
hi,llama only,0.01,0.044120544588247386,0.646551724137931,0.04666666666666667
hi,llama only,0.01,0.046443080579603904,0.6497844827586207,0.04809286898839138
hi,llama only,0.01,0.04697317266894835,0.6519396551724138,0.047933884297520664
hi,llama only,0.01,0.04968257158371681,0.6540948275862069,0.04942339373970346
hi,llama only,0.01,0.050873352069329324,0.6573275862068966,0.05245901639344262
hi,llama only,0.01,0.052116852023189136,0.6594827586206896,0.05392156862745098
hi,llama only,0.01,0.05310506285389949,0.6616379310344828,0.05537459283387622
hi,llama only,0.01,0.05467296392468831,0.6648706896551724,0.05834683954619125
hi,llama only,0.01,0.05663828902955764,0.6670258620689655,0.05977382875605816
hi,llama only,0.01,0.05718144328010451,0.6691810344827587,0.061191626409017714
hi,llama only,0.01,0.0584930725118498,0.6724137931034483,0.0625
hi,llama only,0.01,0.06080458282793206,0.6745689655172413,0.06389776357827476
hi,llama only,0.01,0.062276931455749876,0.6767241379310345,0.06528662420382166
hi,llama only,0.01,0.06526976126481723,0.6799568965517241,0.06814580031695722
hi,llama only,0.01,0.06658770084362504,0.6821120689655172,0.06951026856240126
hi,llama only,0.01,0.06809811107386451,0.6853448275862069,0.07232704402515723
hi,llama only,0.01,0.06847324944628479,0.6875,0.07210031347962383
hi,llama only,0.01,0.06951974599964847,0.6896551724137931,0.0734375
hi,llama only,0.01,0.07291992625059439,0.6928879310344828,0.07620528771384137
hi,llama only,0.01,0.07460462998550067,0.6950431034482759,0.07596899224806201
hi,llama only,0.01,0.0799072980987346,0.697198275862069,0.07573415765069552
hi,llama only,0.01,0.08208095425900952,0.7004310344827587,0.07692307692307693
hi,llama only,0.01,0.0846691401033123,0.7025862068965517,0.07822085889570553
hi,llama only,0.01,0.09103177067556686,0.7047413793103449,0.07951070336391437
hi,llama only,0.01,0.09533736560132708,0.7079741379310345,0.0821917808219178
hi,llama only,0.01,0.10096252304970284,0.7101293103448276,0.08497723823975721
hi,llama only,0.01,0.10777168574457803,0.7122844827586207,0.08623298033282904
hi,llama only,0.01,0.11284691761369382,0.7155172413793104,0.0858433734939759
hi,llama only,0.01,0.11448017622139199,0.7176724137931034,0.08858858858858859
hi,llama only,0.01,0.12069331788925006,0.7209051724137931,0.09118086696562033
hi,llama only,0.01,0.12537510171097435,0.7230603448275862,0.09090909090909091
hi,llama only,0.01,0.12822149125989848,0.7252155172413793,0.09361069836552749
hi,llama only,0.01,0.13854218001903762,0.728448275862069,0.09615384615384616
hi,llama only,0.01,0.14027481612183104,0.7306034482758621,0.09734513274336283
hi,llama only,0.01,0.1520127929325314,0.7327586206896551,0.09852941176470588
hi,llama only,0.01,0.16041527449209675,0.7359913793103449,0.09809663250366032
hi,llama only,0.01,0.16880381606212932,0.7381465517241379,0.09781021897810219
hi,llama only,0.01,0.17816387082442559,0.740301724137931,0.09898107714701601
hi,llama only,0.01,0.19841381386910809,0.7435344827586207,0.10289855072463767
hi,llama only,0.01,0.21552675868653878,0.7456896551724138,0.10260115606936417
hi,llama only,0.01,0.21833631768539438,0.7478448275862069,0.1037463976945245
hi,llama only,0.01,0.23822684837962518,0.7510775862068966,0.10473457675753228
hi,llama only,0.01,0.25602587566125684,0.7532327586206896,0.1072961373390558
hi,llama only,0.01,0.26007657247379296,0.7553879310344828,0.10841654778887304
hi,llama only,0.01,0.28866414490116826,0.7586206896551724,0.11079545454545454
hi,llama only,0.01,0.3006382148696164,0.7607758620689655,0.11331444759206799
hi,llama only,0.01,0.31852023691231734,0.7640086206896551,0.11706629055007052
hi,llama only,0.01,0.33848826477373817,0.7661637931034483,0.11814345991561181
hi,llama only,0.01,0.3446207528833764,0.7683189655172413,0.11781206171107994
hi,llama only,0.01,0.35512129736265613,0.771551724137931,0.12011173184357542
hi,llama only,0.01,0.3659466273175974,0.7737068965517241,0.11977715877437325
hi,llama only,0.01,0.38285619548858923,0.7758620689655172,0.11944444444444445
hi,llama only,0.01,0.39374714178700554,0.7790948275862069,0.12033195020746888
hi,llama only,0.01,0.39511752895518865,0.78125,0.12137931034482759
hi,llama only,0.01,0.40980074817787343,0.7834051724137931,0.12242090784044017
hi,llama only,0.01,0.42183876147951843,0.7866379310344828,0.12465753424657534
hi,llama only,0.01,0.43640583270774824,0.7887931034482759,0.12704918032786885
hi,llama only,0.01,0.44351239214870825,0.790948275862069,0.12806539509536785
hi,llama only,0.01,0.48116744306976644,0.7941810344827587,0.12890094979647218
hi,llama only,0.01,0.4827280382458136,0.7963362068965517,0.13125845737483086
hi,llama only,0.01,0.5680731975637854,0.7984913793103449,0.13225371120107962
hi,llama only,0.01,0.5903173979140636,0.8017241379310345,0.13440860215053763
hi,llama only,0.01,0.5991180772526629,0.8038793103448276,0.1353887399463807
hi,llama only,0.01,0.6214278243988112,0.8071120689655172,0.1375166889185581
hi,llama only,0.01,0.631664937221567,0.8092672413793104,0.1384820239680426
hi,llama only,0.01,0.6398609195929523,0.8114224137931034,0.1407702523240372
hi,llama only,0.01,0.6515320917562257,0.8146551724137931,0.14153439153439154
hi,llama only,0.01,0.6625937044246872,0.8168103448275862,0.1437994722955145
hi,llama only,0.01,0.6683438739016614,0.8189655172413793,0.14605263157894738
hi,llama only,0.01,0.7030593923731485,0.822198275862069,0.14809960681520315
hi,llama only,0.01,0.7082573234809488,0.8243534482758621,0.1503267973856209
hi,llama only,0.01,0.7185713134929259,0.8265086206896551,0.15254237288135594
hi,llama only,0.01,0.7356478086683086,0.8297413793103449,0.15584415584415584
hi,llama only,0.01,0.7402287386395482,0.8318965517241379,0.15803108808290156
hi,llama only,0.01,0.7462833617423432,0.834051724137931,0.15891472868217055
hi,llama only,0.01,0.7730131552545374,0.8372844827586207,0.15958815958815958
hi,llama only,0.01,0.7867713001876219,0.8394396551724138,0.16174582798459564
hi,llama only,0.01,0.8001671556279902,0.8426724137931034,0.1649616368286445
hi,llama only,0.01,0.8048455759432509,0.8448275862068966,0.16709183673469388
hi,llama only,0.01,0.8174216814373984,0.8469827586206896,0.1692111959287532
hi,llama only,0.01,0.8250466220240334,0.8502155172413793,0.17237008871989862
hi,llama only,0.01,0.8434365202043236,0.8523706896551724,0.17446270543615677
hi,llama only,0.01,0.857216167436731,0.8545258620689655,0.17402269861286254
hi,llama only,0.01,0.8596730743868285,0.8577586206896551,0.17587939698492464
hi,llama only,0.01,0.8623976952390692,0.8599137931034483,0.17794486215538846
hi,llama only,0.01,0.8652884451307682,0.8620689655172413,0.18
hi,llama only,0.01,0.8756734979525829,0.865301724137931,0.18306351183063513
hi,llama only,0.01,0.8787082410353947,0.8674568965517241,0.18385093167701863
hi,llama only,0.01,0.8827181288382389,0.8696120689655172,0.18587360594795538
hi,llama only,0.01,0.8858034033394203,0.8728448275862069,0.18888888888888888
hi,llama only,0.01,0.8922316963459663,0.875,0.19088669950738915
hi,llama only,0.01,0.8948215766778694,0.8771551724137931,0.1928746928746929
hi,llama only,0.01,0.90187644022046,0.8803879310344828,0.19583843329253367
hi,llama only,0.01,0.9040049517663434,0.8825431034482759,0.1978021978021978
hi,llama only,0.01,0.9131439091266795,0.8857758620689655,0.20072992700729927
hi,llama only,0.01,0.9207978316707535,0.8879310344827587,0.20266990291262135
hi,llama only,0.01,0.9212763309624942,0.8900862068965517,0.2046004842615012
hi,llama only,0.01,0.9232472616793552,0.8933189655172413,0.2074788902291918
hi,llama only,0.01,0.9267165104315367,0.8954741379310345,0.20938628158844766
hi,llama only,0.01,0.9290483457960983,0.8976293103448276,0.2112845138055222
hi,llama only,0.01,0.9339721715405134,0.9008620689655172,0.21291866028708134
hi,llama only,0.01,0.935405988257034,0.9030172413793104,0.21479713603818615
hi,llama only,0.01,0.9375790580406563,0.9051724137931034,0.21666666666666667
hi,llama only,0.01,0.940132525685858,0.9084051724137931,0.21826809015421114
hi,llama only,0.01,0.9414685944454378,0.9105603448275862,0.22011834319526627
hi,llama only,0.01,0.9436018467740547,0.9127155172413793,0.22195985832349469
hi,llama only,0.01,0.9460034803628546,0.915948275862069,0.2235294117647059
hi,llama only,0.01,0.9470419702731876,0.9181034482758621,0.22417840375586853
hi,llama only,0.01,0.950118339095521,0.9213362068965517,0.22690058479532163
hi,llama only,0.01,0.9522930009505096,0.9234913793103449,0.22870478413068845
hi,llama only,0.01,0.9536269390769365,0.9256465517241379,0.23050058207217694
hi,llama only,0.01,0.9547691517872556,0.9288793103448276,0.23317865429234338
hi,llama only,0.01,0.9553378589243215,0.9310344827586207,0.2349537037037037
hi,llama only,0.01,0.9572492318352784,0.9331896551724138,0.23672055427251731
hi,llama only,0.01,0.9583462202047305,0.9364224137931034,0.23935558112773303
hi,llama only,0.01,0.9593763336715563,0.9385775862068966,0.2399540757749713
hi,llama only,0.01,0.9608195398333701,0.9407327586206896,0.24169530355097366
hi,llama only,0.01,0.9610274127446914,0.9439655172413793,0.24429223744292236
hi,llama only,0.01,0.9615483777467312,0.9461206896551724,0.2460136674259681
hi,llama only,0.01,0.9618848254240769,0.9482758620689655,0.24659090909090908
hi,llama only,0.01,0.9632854426866092,0.9515086206896551,0.2491506228765572
hi,llama only,0.01,0.9656150564208292,0.9536637931034483,0.25084745762711863
hi,llama only,0.01,0.965876987860595,0.9558189655172413,0.2525366403607666
hi,llama only,0.01,0.9662604783819013,0.959051724137931,0.2550561797752809
hi,llama only,0.01,0.9668424226268998,0.9612068965517241,0.2556053811659193
hi,llama only,0.01,0.9683543346452356,0.9644396551724138,0.2581005586592179
hi,llama only,0.01,0.9687794952089088,0.9665948275862069,0.25975473801560756
hi,llama only,0.01,0.9692806649357609,0.96875,0.26140155728587317
hi,llama only,0.01,0.9704933860546489,0.9719827586206896,0.2638580931263858
hi,llama only,0.01,0.9711608196850791,0.9741379310344828,0.26548672566371684
hi,llama only,0.01,0.971410983885836,0.9762931034482759,0.2671081677704194
hi,llama only,0.01,0.9719610944215877,0.9795258620689655,0.26952695269526955
hi,llama only,0.01,0.9721126069243305,0.9816810344827587,0.2711306256860593
hi,llama only,0.01,0.9721491316564567,0.9838362068965517,0.27163198247535597
hi,llama only,0.01,0.9725075286321485,0.9870689655172413,0.2740174672489083
hi,llama only,0.01,0.9730011776890322,0.9892241379310345,0.275599128540305
hi,llama only,0.01,0.9733320643335239,0.9913793103448276,0.27608695652173915
hi,llama only,0.01,0.9738061997233561,0.9946120689655172,0.27843986998916576
hi,llama only,0.01,0.9739169474254595,0.9967672413793104,0.28
hi,llama only,0.01,0.9740545983013412,1.0,0.2823275862068966
hi,llama only,0.05,0.0,0.4105603448275862,0.05249343832020997
hi,llama only,0.05,0.00982688189153985,0.4105603448275862,0.05249343832020997
hi,llama only,0.05,0.012259617049788977,0.41271551724137934,0.05221932114882506
hi,llama only,0.05,0.013155876358671815,0.41487068965517243,0.05194805194805195
hi,llama only,0.05,0.013367131772294013,0.4170258620689655,0.05167958656330749
hi,llama only,0.05,0.013580832100365066,0.4191810344827586,0.05141388174807198
hi,llama only,0.05,0.013776259029052055,0.4202586206896552,0.05128205128205128
hi,llama only,0.05,0.013925746374463381,0.4224137931034483,0.05102040816326531
hi,llama only,0.05,0.014122510208886852,0.4245689655172414,0.050761421319796954
hi,llama only,0.05,0.014304419780795743,0.4267241379310345,0.050505050505050504
hi,llama only,0.05,0.014433093016204598,0.42887931034482757,0.05025125628140704
hi,llama only,0.05,0.014566712427332519,0.43103448275862066,0.05
hi,llama only,0.05,0.014569294011001209,0.43211206896551724,0.04987531172069826
hi,llama only,0.05,0.014697924949456499,0.43426724137931033,0.04962779156327544
hi,llama only,0.05,0.014914290923010484,0.4364224137931034,0.04938271604938271
hi,llama only,0.05,0.015005740908675737,0.4385775862068966,0.04914004914004914
hi,llama only,0.05,0.015153578576183914,0.44073275862068967,0.0488997555012225
hi,llama only,0.05,0.01528248698694079,0.44288793103448276,0.04866180048661801
hi,llama only,0.05,0.015295374961327922,0.44396551724137934,0.04854368932038835
hi,llama only,0.05,0.015490348881605146,0.44612068965517243,0.04830917874396135
hi,llama only,0.05,0.01571498136499558,0.4482758620689655,0.04807692307692308
hi,llama only,0.05,0.01575104647693387,0.4504310344827586,0.04784688995215311
hi,llama only,0.05,0.01590354558913399,0.4525862068965517,0.047619047619047616
hi,llama only,0.05,0.015952058621157814,0.4547413793103448,0.04739336492890995
hi,llama only,0.05,0.015962286337298005,0.4558189655172414,0.04728132387706856
hi,llama only,0.05,0.016098850974257978,0.4579741379310345,0.047058823529411764
hi,llama only,0.05,0.01612044679380048,0.46012931034482757,0.0468384074941452
hi,llama only,0.05,0.016130816908806616,0.46228448275862066,0.046620046620046623
hi,llama only,0.05,0.01619295953768561,0.4644396551724138,0.04640371229698376
hi,llama only,0.05,0.016301602709191683,0.4665948275862069,0.046189376443418015
hi,llama only,0.05,0.016356835052498436,0.4676724137931034,0.04608294930875576
hi,llama only,0.05,0.016392183600530973,0.4698275862068966,0.045871559633027525
hi,llama only,0.05,0.016450366127005473,0.47198275862068967,0.045662100456621
hi,llama only,0.05,0.016475128765660315,0.47413793103448276,0.045454545454545456
hi,llama only,0.05,0.016589485523680194,0.47629310344827586,0.04524886877828054
hi,llama only,0.05,0.01673404041646091,0.47844827586206895,0.04504504504504504
hi,llama only,0.05,0.016742254908483377,0.4795258620689655,0.0449438202247191
hi,llama only,0.05,0.01678971532353971,0.4816810344827586,0.0447427293064877
hi,llama only,0.05,0.016831252070002623,0.4838362068965517,0.044543429844097995
hi,llama only,0.05,0.01688567246073653,0.4859913793103448,0.04434589800443459
hi,llama only,0.05,0.016918786650417655,0.48814655172413796,0.04415011037527594
hi,llama only,0.05,0.016973296637076033,0.49030172413793105,0.04395604395604396
hi,llama only,0.05,0.016983035036026675,0.49137931034482757,0.043859649122807015
hi,llama only,0.05,0.017012853842372812,0.49353448275862066,0.043668122270742356
hi,llama only,0.05,0.017093611472415667,0.4956896551724138,0.043478260869565216
hi,llama only,0.05,0.01712535874662097,0.4978448275862069,0.04329004329004329
hi,llama only,0.05,0.017197762829621793,0.5,0.04310344827586207
hi,llama only,0.05,0.017294563339515404,0.5021551724137931,0.04291845493562232
hi,llama only,0.05,0.017310319876616704,0.5032327586206896,0.042826552462526764
hi,llama only,0.05,0.01731392666765604,0.5053879310344828,0.042643923240938165
hi,llama only,0.05,0.01737867923744451,0.5075431034482759,0.04246284501061571
hi,llama only,0.05,0.01742674531259533,0.509698275862069,0.042283298097251586
hi,llama only,0.05,0.0174607640997091,0.5118534482758621,0.042105263157894736
hi,llama only,0.05,0.01753294594310882,0.5140086206896551,0.041928721174004195
hi,llama only,0.05,0.01754473868065982,0.5150862068965517,0.04184100418410042
hi,llama only,0.05,0.01765075836454866,0.5172413793103449,0.041666666666666664
hi,llama only,0.05,0.017732562143406586,0.5193965517241379,0.04149377593360996
hi,llama only,0.05,0.017800797758305908,0.521551724137931,0.04132231404958678
hi,llama only,0.05,0.017933500534227268,0.5237068965517241,0.0411522633744856
hi,llama only,0.05,0.01795732081075627,0.5258620689655172,0.040983606557377046
hi,llama only,0.05,0.01800001662991654,0.5269396551724138,0.0408997955010225
hi,llama only,0.05,0.018011233959978452,0.5290948275862069,0.04073319755600815
hi,llama only,0.05,0.018040038245669538,0.53125,0.04056795131845842
hi,llama only,0.05,0.01808828187855668,0.5334051724137931,0.04040404040404041
hi,llama only,0.05,0.018131862183778952,0.5355603448275862,0.04024144869215292
hi,llama only,0.05,0.018176611136773792,0.5377155172413793,0.04008016032064128
hi,llama only,0.05,0.018176964931349585,0.5387931034482759,0.04
hi,llama only,0.05,0.018288193117887153,0.540948275862069,0.0398406374501992
hi,llama only,0.05,0.01829210995754314,0.5431034482758621,0.03968253968253968
hi,llama only,0.05,0.018404969496727788,0.5452586206896551,0.039525691699604744
hi,llama only,0.05,0.018441806658144003,0.5474137931034483,0.03937007874015748
hi,llama only,0.05,0.01849223041634454,0.5495689655172413,0.0392156862745098
hi,llama only,0.05,0.018560912549653998,0.5506465517241379,0.03913894324853229
hi,llama only,0.05,0.01873737370585227,0.552801724137931,0.03898635477582846
hi,llama only,0.05,0.018879678455341824,0.5549568965517241,0.038834951456310676
hi,llama only,0.05,0.018998072641706946,0.5571120689655172,0.03868471953578337
hi,llama only,0.05,0.01903198223144145,0.5592672413793104,0.038535645472061654
hi,llama only,0.05,0.019096536035760288,0.5614224137931034,0.03838771593090211
hi,llama only,0.05,0.01910226000305848,0.5625,0.038314176245210725
hi,llama only,0.05,0.019127033326309165,0.5646551724137931,0.03816793893129771
hi,llama only,0.05,0.019135297155341867,0.5668103448275862,0.03802281368821293
hi,llama only,0.05,0.01923677092091513,0.5689655172413793,0.03787878787878788
hi,llama only,0.05,0.019287892435910396,0.5711206896551724,0.03773584905660377
hi,llama only,0.05,0.01933673154067061,0.5732758620689655,0.03759398496240601
hi,llama only,0.05,0.019426080469437876,0.5743534482758621,0.0375234521575985
hi,llama only,0.05,0.019529902610287517,0.5765086206896551,0.037383177570093455
hi,llama only,0.05,0.019547124526154522,0.5786637931034483,0.037243947858473
hi,llama only,0.05,0.019656646481276626,0.5808189655172413,0.03710575139146568
hi,llama only,0.05,0.019694052437250253,0.5829741379310345,0.036968576709796676
hi,llama only,0.05,0.019762423220056738,0.5851293103448276,0.03683241252302026
hi,llama only,0.05,0.019766235569285008,0.5862068965517241,0.03676470588235294
hi,llama only,0.05,0.019794611281431788,0.5883620689655172,0.03663003663003663
hi,llama only,0.05,0.019808253002213446,0.5905172413793104,0.0364963503649635
hi,llama only,0.05,0.019826467853555036,0.5926724137931034,0.03636363636363636
hi,llama only,0.05,0.01989875096513071,0.5948275862068966,0.036231884057971016
hi,llama only,0.05,0.019949447008549333,0.5969827586206896,0.036101083032490974
hi,llama only,0.05,0.019961385299958417,0.5980603448275862,0.036036036036036036
hi,llama only,0.05,0.020102505680025605,0.6002155172413793,0.03590664272890485
hi,llama only,0.05,0.020166181713791188,0.6023706896551724,0.03577817531305903
hi,llama only,0.05,0.020224870267826718,0.6045258620689655,0.035650623885918005
hi,llama only,0.05,0.020242803830908537,0.6066810344827587,0.035523978685612786
hi,llama only,0.05,0.02025932917262674,0.6088362068965517,0.035398230088495575
hi,llama only,0.05,0.0202921787396036,0.6099137931034483,0.0353356890459364
hi,llama only,0.05,0.020439406722907384,0.6120689655172413,0.035211267605633804
hi,llama only,0.05,0.020659270781926028,0.6142241379310345,0.03508771929824561
hi,llama only,0.05,0.020744373018230015,0.6163793103448276,0.03496503496503497
hi,llama only,0.05,0.02077173856985088,0.6185344827586207,0.03484320557491289
hi,llama only,0.05,0.020778498732334276,0.6206896551724138,0.034722222222222224
hi,llama only,0.05,0.02089712524752552,0.6217672413793104,0.03466204506065858
hi,llama only,0.05,0.020920440267804385,0.6239224137931034,0.03454231433506045
hi,llama only,0.05,0.020960321907311126,0.6260775862068966,0.03442340791738382
hi,llama only,0.05,0.020977080835619166,0.6282327586206896,0.03430531732418525
hi,llama only,0.05,0.021073725535991853,0.6303879310344828,0.03418803418803419
hi,llama only,0.05,0.021187341709358747,0.6325431034482759,0.034071550255536626
hi,llama only,0.05,0.021191746153316888,0.6336206896551724,0.034013605442176874
hi,llama only,0.05,0.0212777046416443,0.6357758620689655,0.03559322033898305
hi,llama only,0.05,0.02130961958241009,0.6379310344827587,0.03547297297297297
hi,llama only,0.05,0.02143857945504426,0.6400862068965517,0.03535353535353535
hi,llama only,0.05,0.021501924153454057,0.6422413793103449,0.03523489932885906
hi,llama only,0.05,0.021532652323490296,0.6443965517241379,0.03511705685618729
hi,llama only,0.05,0.02153439337984503,0.6454741379310345,0.035058430717863104
hi,llama only,0.05,0.021586716074549452,0.6476293103448276,0.03494176372712146
hi,llama only,0.05,0.021607189009406964,0.6497844827586207,0.03482587064676617
hi,llama only,0.05,0.021717189770082027,0.6519396551724138,0.03471074380165289
hi,llama only,0.05,0.02181880197306053,0.6540948275862069,0.03459637561779242
hi,llama only,0.05,0.021857019951382183,0.65625,0.0361247947454844
hi,llama only,0.05,0.02188704072166042,0.6573275862068966,0.036065573770491806
hi,llama only,0.05,0.02202719440069269,0.6594827586206896,0.03758169934640523
hi,llama only,0.05,0.022097645049654984,0.6616379310344828,0.03745928338762215
hi,llama only,0.05,0.02219499755946111,0.6637931034482759,0.037337662337662336
hi,llama only,0.05,0.022216677552386883,0.665948275862069,0.0372168284789644
hi,llama only,0.05,0.02236221421586123,0.6681034482758621,0.037096774193548385
hi,llama only,0.05,0.022389337601833224,0.6691810344827587,0.037037037037037035
hi,llama only,0.05,0.02248958197312968,0.6713362068965517,0.03691813804173355
hi,llama only,0.05,0.02269935137417618,0.6734913793103449,0.0368
hi,llama only,0.05,0.022725068230152714,0.6756465517241379,0.03668261562998405
hi,llama only,0.05,0.02276098293492008,0.677801724137931,0.03656597774244833
hi,llama only,0.05,0.022905986753401292,0.6799568965517241,0.03803486529318542
hi,llama only,0.05,0.023121983114249366,0.6810344827586207,0.0379746835443038
hi,llama only,0.05,0.023148835493912927,0.6831896551724138,0.03785488958990536
hi,llama only,0.05,0.023163814765134516,0.6853448275862069,0.03930817610062893
hi,llama only,0.05,0.023261410264237423,0.6875,0.03918495297805643
hi,llama only,0.05,0.023340353321334783,0.6896551724137931,0.0390625
hi,llama only,0.05,0.023379986615997633,0.6918103448275862,0.03894080996884735
hi,llama only,0.05,0.023390130058528122,0.6928879310344828,0.04043545878693624
hi,llama only,0.05,0.023395417070167,0.6950431034482759,0.04186046511627907
hi,llama only,0.05,0.02340873823467909,0.697198275862069,0.04173106646058733
hi,llama only,0.05,0.023589117235093215,0.6993534482758621,0.04160246533127889
hi,llama only,0.05,0.02362845742437865,0.7015086206896551,0.041474654377880185
hi,llama only,0.05,0.023677466455390893,0.7036637931034483,0.04134762633996937
hi,llama only,0.05,0.023712415459477144,0.7047413793103449,0.04128440366972477
hi,llama only,0.05,0.02379472770680339,0.7068965517241379,0.041158536585365856
hi,llama only,0.05,0.023854511657240857,0.709051724137931,0.041033434650455926
hi,llama only,0.05,0.02398764827574349,0.7112068965517241,0.04090909090909091
hi,llama only,0.05,0.02410102198661915,0.7133620689655172,0.04078549848942598
hi,llama only,0.05,0.024155491687621513,0.7155172413793104,0.04066265060240964
hi,llama only,0.05,0.024203212344455584,0.7165948275862069,0.0406015037593985
hi,llama only,0.05,0.02438476199212923,0.71875,0.04047976011994003
hi,llama only,0.05,0.024415817986988084,0.7209051724137931,0.04035874439461883
hi,llama only,0.05,0.024624070827579708,0.7230603448275862,0.040238450074515646
hi,llama only,0.05,0.024709463138939156,0.7252155172413793,0.04011887072808321
hi,llama only,0.05,0.024726491802002887,0.7273706896551724,0.04
hi,llama only,0.05,0.024746723505809833,0.728448275862069,0.03994082840236687
hi,llama only,0.05,0.02489798569602223,0.7306034482758621,0.04129793510324484
hi,llama only,0.05,0.02495664461605384,0.7327586206896551,0.041176470588235294
hi,llama only,0.05,0.02514891496778961,0.7349137931034483,0.04105571847507331
hi,llama only,0.05,0.025231061448570184,0.7370689655172413,0.04093567251461988
hi,llama only,0.05,0.025280976208004978,0.7392241379310345,0.04081632653061224
hi,llama only,0.05,0.025283775084802448,0.740301724137931,0.040756914119359534
hi,llama only,0.05,0.025472869120758142,0.7424568965517241,0.040638606676342524
hi,llama only,0.05,0.025548097243921083,0.7446120689655172,0.04052098408104197
hi,llama only,0.05,0.026025113849865826,0.7467672413793104,0.04040404040404041
hi,llama only,0.05,0.026033869929498177,0.7489224137931034,0.041726618705035974
hi,llama only,0.05,0.026104701640597534,0.7510775862068966,0.043041606886657105
hi,llama only,0.05,0.026330702909325668,0.7521551724137931,0.04297994269340974
hi,llama only,0.05,0.02644536993029409,0.7543103448275862,0.04285714285714286
hi,llama only,0.05,0.026967432329220175,0.7564655172413793,0.042735042735042736
hi,llama only,0.05,0.027317651541260885,0.7586206896551724,0.04403409090909091
hi,llama only,0.05,0.02760137361658226,0.7607758620689655,0.043909348441926344
hi,llama only,0.05,0.027910070798245,0.7629310344827587,0.04519774011299435
hi,llama only,0.05,0.028176136487918398,0.7640086206896551,0.045133991537376586
hi,llama only,0.05,0.02839955367768402,0.7661637931034483,0.0450070323488045
hi,llama only,0.05,0.02887364870248351,0.7683189655172413,0.04628330995792426
hi,llama only,0.05,0.028983853416785613,0.7704741379310345,0.046153846153846156
hi,llama only,0.05,0.02909120064709462,0.7726293103448276,0.04741980474198047
hi,llama only,0.05,0.029538117082078964,0.7747844827586207,0.04728789986091794
hi,llama only,0.05,0.029751650151254562,0.7758620689655172,0.04722222222222222
hi,llama only,0.05,0.03043504806318526,0.7780172413793104,0.04709141274238227
hi,llama only,0.05,0.031238264354491948,0.7801724137931034,0.04834254143646409
hi,llama only,0.05,0.03134702524386363,0.7823275862068966,0.048209366391184574
hi,llama only,0.05,0.03160575457561084,0.7844827586206896,0.04945054945054945
hi,llama only,0.05,0.03250461263503158,0.7866379310344828,0.049315068493150684
hi,llama only,0.05,0.033746464920765266,0.7877155172413793,0.049247606019151846
hi,llama only,0.05,0.03439436451252018,0.7898706896551724,0.04911323328785812
hi,llama only,0.05,0.03510181702340652,0.7920258620689655,0.050340136054421766
hi,llama only,0.05,0.03550572870766556,0.7941810344827587,0.051560379918588875
hi,llama only,0.05,0.03635268149827626,0.7963362068965517,0.05142083897158322
hi,llama only,0.05,0.03752330148952788,0.7984913793103449,0.05263157894736842
hi,llama only,0.05,0.03825400309380024,0.7995689655172413,0.05390835579514825
hi,llama only,0.05,0.03848252670728488,0.8017241379310345,0.053763440860215055
hi,llama only,0.05,0.040448472773546046,0.8038793103448276,0.054959785522788206
hi,llama only,0.05,0.041007333956337454,0.8060344827586207,0.05748663101604278
hi,llama only,0.05,0.04154444014520594,0.8081896551724138,0.058666666666666666
hi,llama only,0.05,0.042168337221725305,0.8103448275862069,0.05851063829787234
hi,llama only,0.05,0.04255283072894605,0.8114224137931034,0.05843293492695883
hi,llama only,0.05,0.04389774459132024,0.8135775862068966,0.05827814569536424
hi,llama only,0.05,0.0445709842443355,0.8157327586206896,0.059445178335535004
hi,llama only,0.05,0.046443080579603904,0.8178879310344828,0.05928853754940711
hi,llama only,0.05,0.04697317266894835,0.8200431034482759,0.05913272010512484
hi,llama only,0.05,0.04968257158371681,0.822198275862069,0.06028833551769332
hi,llama only,0.05,0.05038947963096002,0.8232758620689655,0.061518324607329845
hi,llama only,0.05,0.050873352069329324,0.8254310344827587,0.06266318537859007
hi,llama only,0.05,0.052116852023189136,0.8275862068965517,0.06380208333333333
hi,llama only,0.05,0.05310506285389949,0.8297413793103449,0.06493506493506493
hi,llama only,0.05,0.05465563655834673,0.8318965517241379,0.06606217616580311
hi,llama only,0.05,0.05481433037394063,0.834051724137931,0.06847545219638243
hi,llama only,0.05,0.05663828902955764,0.8351293103448276,0.06838709677419355
hi,llama only,0.05,0.05718144328010451,0.8372844827586207,0.0694980694980695
hi,llama only,0.05,0.058230543443183166,0.8394396551724138,0.0693196405648267
hi,llama only,0.05,0.05957223762778748,0.8415948275862069,0.07042253521126761
hi,llama only,0.05,0.06219101046910938,0.84375,0.07151979565772669
hi,llama only,0.05,0.06415564799839436,0.8459051724137931,0.07388535031847134
hi,llama only,0.05,0.06487463542244025,0.8469827586206896,0.07506361323155217
hi,llama only,0.05,0.06618070793570488,0.8491379310344828,0.07614213197969544
hi,llama only,0.05,0.06775164880557366,0.8512931034482759,0.0759493670886076
hi,llama only,0.05,0.06809811107386451,0.853448275862069,0.07828282828282829
hi,llama only,0.05,0.06847324944628479,0.8556034482758621,0.07808564231738035
hi,llama only,0.05,0.06951974599964847,0.8577586206896551,0.07914572864321608
hi,llama only,0.05,0.07013597704383229,0.8588362068965517,0.08030112923462986
hi,llama only,0.05,0.07291992625059439,0.8609913793103449,0.08135168961201501
hi,llama only,0.05,0.07460462998550067,0.8631465517241379,0.08114856429463171
hi,llama only,0.05,0.0799072980987346,0.865301724137931,0.08094645080946451
hi,llama only,0.05,0.08071212800642222,0.8674568965517241,0.08198757763975155
hi,llama only,0.05,0.08325400981421205,0.8696120689655172,0.08178438661710037
hi,llama only,0.05,0.0846691401033123,0.8706896551724138,0.08292079207920793
hi,llama only,0.05,0.09103177067556686,0.8728448275862069,0.08395061728395062
hi,llama only,0.05,0.0919909375651565,0.875,0.08497536945812807
hi,llama only,0.05,0.10091961445121204,0.8771551724137931,0.08722358722358722
hi,llama only,0.05,0.1030802000698322,0.8793103448275862,0.08823529411764706
hi,llama only,0.05,0.10989920663881907,0.8814655172413793,0.08924205378973105
hi,llama only,0.05,0.11152403425107256,0.8825431034482759,0.08913308913308914
hi,llama only,0.05,0.11389988596651228,0.884698275862069,0.09013398294762484
hi,llama only,0.05,0.11849003002710286,0.8868534482758621,0.09234507897934387
hi,llama only,0.05,0.12069331788925006,0.8890086206896551,0.09333333333333334
hi,llama only,0.05,0.12537510171097435,0.8911637931034483,0.09310761789600967
hi,llama only,0.05,0.12822149125989848,0.8933189655172413,0.09529553679131483
hi,llama only,0.05,0.13269832687900765,0.8943965517241379,0.0963855421686747
hi,llama only,0.05,0.13854218001903762,0.896551724137931,0.09735576923076923
hi,llama only,0.05,0.14027481612183104,0.8987068965517241,0.09832134292565947
hi,llama only,0.05,0.1520127929325314,0.9008620689655172,0.09928229665071771
hi,llama only,0.05,0.15752774730301305,0.9030172413793104,0.09904534606205251
hi,llama only,0.05,0.16596582260151355,0.9051724137931034,0.0988095238095238
hi,llama only,0.05,0.16880381606212932,0.90625,0.09869203329369798
hi,llama only,0.05,0.17816387082442559,0.9084051724137931,0.099644128113879
hi,llama only,0.05,0.19042394605589205,0.9105603448275862,0.10177514792899409
hi,llama only,0.05,0.20575619627429742,0.9127155172413793,0.10271546635182999
hi,llama only,0.05,0.21679047987549901,0.9148706896551724,0.10247349823321555
hi,llama only,0.05,0.22051019386527657,0.9170258620689655,0.10340775558166862
hi,llama only,0.05,0.2346874511734944,0.9181034482758621,0.10328638497652583
hi,llama only,0.05,0.23849210256261594,0.9202586206896551,0.1053864168618267
hi,llama only,0.05,0.25835302835875334,0.9224137931034483,0.10630841121495327
hi,llama only,0.05,0.26136705333833626,0.9245689655172413,0.10839160839160839
hi,llama only,0.05,0.28866414490116826,0.9267241379310345,0.10930232558139535
hi,llama only,0.05,0.3006382148696164,0.9288793103448276,0.11136890951276102
hi,llama only,0.05,0.30805959734378524,0.9299568965517241,0.11239860950173812
hi,llama only,0.05,0.31852023691231734,0.9321120689655172,0.11445086705202312
hi,llama only,0.05,0.33848826477373817,0.9342672413793104,0.11534025374855825
hi,llama only,0.05,0.3446207528833764,0.9364224137931034,0.11507479861910241
hi,llama only,0.05,0.35339865396578096,0.9385775862068966,0.11595866819747416
hi,llama only,0.05,0.36075323103876733,0.9407327586206896,0.11683848797250859
hi,llama only,0.05,0.3659466273175974,0.9418103448275862,0.11670480549199085
hi,llama only,0.05,0.38285619548858923,0.9439655172413793,0.11643835616438356
hi,llama only,0.05,0.38503281823875174,0.9461206896551724,0.11617312072892938
hi,llama only,0.05,0.39486767384296867,0.9482758620689655,0.11818181818181818
hi,llama only,0.05,0.4069112997282942,0.9504310344827587,0.11904761904761904
hi,llama only,0.05,0.41494448711685605,0.9525862068965517,0.11990950226244344
hi,llama only,0.05,0.41922584773630606,0.9536637931034483,0.11977401129943503
hi,llama only,0.05,0.4330123825533728,0.9558189655172413,0.12175873731679819
hi,llama only,0.05,0.4419079099429773,0.9579741379310345,0.12373453318335208
hi,llama only,0.05,0.4617420166442064,0.9601293103448276,0.12345679012345678
hi,llama only,0.05,0.48116744306976644,0.9622844827586207,0.12430011198208286
hi,llama only,0.05,0.4827280382458136,0.9644396551724138,0.12625698324022347
hi,llama only,0.05,0.486162663382307,0.9655172413793104,0.12723214285714285
hi,llama only,0.05,0.5807699445304768,0.9676724137931034,0.12806236080178174
hi,llama only,0.05,0.5903173979140636,0.9698275862068966,0.1288888888888889
hi,llama only,0.05,0.5991180772526629,0.9719827586206896,0.12971175166297116
hi,llama only,0.05,0.6098296489053231,0.9741379310344828,0.13053097345132744
hi,llama only,0.05,0.6309244939781646,0.9762931034482759,0.13134657836644592
hi,llama only,0.05,0.631664937221567,0.9773706896551724,0.13230429988974643
hi,llama only,0.05,0.6398609195929523,0.9795258620689655,0.1342134213421342
hi,llama only,0.05,0.6461856100035732,0.9816810344827587,0.1350164654226125
hi,llama only,0.05,0.6568460778293982,0.9838362068965517,0.13581599123767799
hi,llama only,0.05,0.6676809250933047,0.9859913793103449,0.1377049180327869
hi,llama only,0.05,0.6971382304362063,0.9881465517241379,0.1395856052344602
hi,llama only,0.05,0.6992336198382306,0.9892241379310345,0.14052287581699346
hi,llama only,0.05,0.7065891701535004,0.9913793103448276,0.14130434782608695
hi,llama only,0.05,0.7173259706941663,0.9935344827586207,0.14316702819956617
hi,llama only,0.05,0.7274558614701654,0.9956896551724138,0.14502164502164502
hi,llama only,0.05,0.7356478086683086,0.9978448275862069,0.1468682505399568
hi,llama only,0.05,0.7366648424605313,1.0,0.14870689655172414
hi,seen only,0.01,0.0,0.1590145576707727,0.028169014084507043
hi,seen only,0.01,0.011803837006628492,0.1601343784994401,0.027972027972027972
hi,seen only,0.01,0.012840862690806174,0.16349384098544234,0.03424657534246575
hi,seen only,0.01,0.013199612957369489,0.16573348264277715,0.033783783783783786
hi,seen only,0.01,0.013580832100365066,0.1690929451287794,0.033112582781456956
hi,seen only,0.01,0.013923674500649004,0.1713325867861142,0.032679738562091505
hi,seen only,0.01,0.014122510208886852,0.17469204927211646,0.03205128205128205
hi,seen only,0.01,0.014304419780795743,0.1769316909294513,0.03164556962025317
hi,seen only,0.01,0.014546903190071337,0.18029115341545351,0.031055900621118012
hi,seen only,0.01,0.014569294011001209,0.18253079507278835,0.03067484662576687
hi,seen only,0.01,0.014697924949456499,0.1858902575587906,0.03614457831325301
hi,seen only,0.01,0.014914290923010484,0.1881298992161254,0.03571428571428571
hi,seen only,0.01,0.015008473624882213,0.19148936170212766,0.03508771929824561
hi,seen only,0.01,0.015230746097223496,0.1937290033594625,0.03468208092485549
hi,seen only,0.01,0.015471703083285047,0.19708846584546472,0.03409090909090909
hi,seen only,0.01,0.015532844474076742,0.19932810750279956,0.033707865168539325
hi,seen only,0.01,0.01575104647693387,0.2026875699888018,0.03314917127071823
hi,seen only,0.01,0.01590354558913399,0.20492721164613661,0.03278688524590164
hi,seen only,0.01,0.015962286337298005,0.20828667413213886,0.03225806451612903
hi,seen only,0.01,0.016098850974257978,0.21052631578947367,0.031914893617021274
hi,seen only,0.01,0.016128974717644507,0.21388577827547592,0.031413612565445025
hi,seen only,0.01,0.016176433532539402,0.21612541993281076,0.031088082901554404
hi,seen only,0.01,0.016301602709191683,0.21948488241881298,0.030612244897959183
hi,seen only,0.01,0.01638353073720408,0.22172452407614782,0.030303030303030304
hi,seen only,0.01,0.016450366127005473,0.22508398656215006,0.029850746268656716
hi,seen only,0.01,0.016475128765660315,0.22732362821948487,0.029556650246305417
hi,seen only,0.01,0.016727160445398282,0.23068309070548712,0.02912621359223301
hi,seen only,0.01,0.016742254908483377,0.23292273236282196,0.028846153846153848
hi,seen only,0.01,0.016793796063653558,0.23628219484882418,0.02843601895734597
hi,seen only,0.01,0.016842121604824078,0.23852183650615902,0.028169014084507043
hi,seen only,0.01,0.016918786650417655,0.24188129899216126,0.027777777777777776
hi,seen only,0.01,0.016973296637076033,0.24412094064949608,0.027522935779816515
hi,seen only,0.01,0.017012853842372812,0.24748040313549832,0.027149321266968326
hi,seen only,0.01,0.017093611472415667,0.24972004479283313,0.026905829596412557
hi,seen only,0.01,0.01714749245125213,0.2530795072788354,0.02654867256637168
hi,seen only,0.01,0.017294563339515404,0.2564389697648376,0.026200873362445413
hi,seen only,0.01,0.017311104311911466,0.25867861142217247,0.025974025974025976
hi,seen only,0.01,0.01737867923744451,0.2620380739081747,0.02564102564102564
hi,seen only,0.01,0.01742674531259533,0.2642777155655095,0.025423728813559324
hi,seen only,0.01,0.0175085579724798,0.26763717805151177,0.02510460251046025
hi,seen only,0.01,0.01754473868065982,0.2698768197088466,0.024896265560165973
hi,seen only,0.01,0.017682830070528757,0.2732362821948488,0.02459016393442623
hi,seen only,0.01,0.01774920497372744,0.27547592385218367,0.024390243902439025
hi,seen only,0.01,0.017933500534227268,0.2788353863381859,0.024096385542168676
hi,seen only,0.01,0.01795732081075627,0.2810750279955207,0.02390438247011952
hi,seen only,0.01,0.018011233959978452,0.284434490481523,0.023622047244094488
hi,seen only,0.01,0.018040038245669538,0.2866741321388578,0.0234375
hi,seen only,0.01,0.018107076668427487,0.29003359462486,0.023166023166023165
hi,seen only,0.01,0.018168605334725984,0.29227323628219487,0.022988505747126436
hi,seen only,0.01,0.018276565941881193,0.2956326987681971,0.022727272727272728
hi,seen only,0.01,0.018291223206994573,0.2978723404255319,0.022556390977443608
hi,seen only,0.01,0.018404969496727788,0.3012318029115342,0.022304832713754646
hi,seen only,0.01,0.018441806658144003,0.303471444568869,0.02214022140221402
hi,seen only,0.01,0.018560912549653998,0.3068309070548712,0.021897810218978103
hi,seen only,0.01,0.01873737370585227,0.3090705487122061,0.021739130434782608
hi,seen only,0.01,0.018958815569076744,0.3124300111982083,0.021505376344086023
hi,seen only,0.01,0.01901059454257279,0.3146696528555431,0.021352313167259787
hi,seen only,0.01,0.019096536035760288,0.3180291153415454,0.02112676056338028
hi,seen only,0.01,0.01910455363442875,0.3202687569988802,0.02097902097902098
hi,seen only,0.01,0.019135297155341867,0.3236282194848824,0.020761245674740483
hi,seen only,0.01,0.01917111107272097,0.3258678611422172,0.024054982817869417
hi,seen only,0.01,0.019287892435910396,0.3292273236282195,0.023809523809523808
hi,seen only,0.01,0.01933673154067061,0.3314669652855543,0.02364864864864865
hi,seen only,0.01,0.019529902610287517,0.3348264277715566,0.023411371237458192
hi,seen only,0.01,0.019547124526154522,0.3370660694288914,0.023255813953488372
hi,seen only,0.01,0.019673032539189454,0.3404255319148936,0.023026315789473683
hi,seen only,0.01,0.019706933328265206,0.3426651735722284,0.02287581699346405
hi,seen only,0.01,0.01977948208789231,0.3460246360582307,0.022653721682847898
hi,seen only,0.01,0.019808253002213446,0.3493840985442329,0.022435897435897436
hi,seen only,0.01,0.019826467853555036,0.3516237402015677,0.022292993630573247
hi,seen only,0.01,0.019933048096377425,0.35498320268757,0.022082018927444796
hi,seen only,0.01,0.019961385299958417,0.3572228443449048,0.0219435736677116
hi,seen only,0.01,0.020112900582431613,0.36058230683090703,0.021739130434782608
hi,seen only,0.01,0.02021041993584851,0.3628219484882419,0.021604938271604937
hi,seen only,0.01,0.020242803830908537,0.3661814109742441,0.021406727828746176
hi,seen only,0.01,0.02025932917262674,0.3684210526315789,0.02127659574468085
hi,seen only,0.01,0.020439406722907384,0.3717805151175812,0.02108433734939759
hi,seen only,0.01,0.020659270781926028,0.374020156774916,0.020958083832335328
hi,seen only,0.01,0.020753443637400112,0.37737961926091823,0.020771513353115726
hi,seen only,0.01,0.020776133687061688,0.3796192609182531,0.02064896755162242
hi,seen only,0.01,0.020920283665400424,0.3829787234042553,0.02046783625730994
hi,seen only,0.01,0.02095733790163515,0.38521836506159013,0.020348837209302327
hi,seen only,0.01,0.020977080835619166,0.3885778275475924,0.020172910662824207
hi,seen only,0.01,0.021073725535991853,0.3908174692049272,0.02005730659025788
hi,seen only,0.01,0.021191746153316888,0.39417693169092943,0.019886363636363636
hi,seen only,0.01,0.02128941153720554,0.3964165733482643,0.01977401129943503
hi,seen only,0.01,0.02143857945504426,0.3997760358342665,0.0196078431372549
hi,seen only,0.01,0.021501924153454057,0.40201567749160133,0.019498607242339833
hi,seen only,0.01,0.02153439337984503,0.4053751399776036,0.019337016574585635
hi,seen only,0.01,0.021586716074549452,0.4076147816349384,0.019230769230769232
hi,seen only,0.01,0.021698037095899174,0.41097424412094063,0.01907356948228883
hi,seen only,0.01,0.021794245401523804,0.4132138857782755,0.018970189701897018
hi,seen only,0.01,0.02191724068631801,0.4165733482642777,0.01881720430107527
hi,seen only,0.01,0.022049501903614734,0.41881298992161253,0.01871657754010695
hi,seen only,0.01,0.02219499755946111,0.4221724524076148,0.01856763925729443
hi,seen only,0.01,0.022216677552386883,0.4244120940649496,0.018469656992084433
hi,seen only,0.01,0.022389337601833224,0.42777155655095184,0.01832460732984293
hi,seen only,0.01,0.02248958197312968,0.43001119820828665,0.018229166666666668
hi,seen only,0.01,0.02269935137417618,0.4333706606942889,0.020671834625323
hi,seen only,0.01,0.022725068230152714,0.43561030235162373,0.02056555269922879
hi,seen only,0.01,0.022905986753401292,0.43896976483762595,0.02040816326530612
hi,seen only,0.01,0.02315071225146255,0.4423292273236282,0.020253164556962026
hi,seen only,0.01,0.023177437390919424,0.44456886898096304,0.020151133501259445
hi,seen only,0.01,0.023340353321334783,0.4479283314669653,0.02
hi,seen only,0.01,0.023394099346459665,0.4501679731243001,0.01990049751243781
hi,seen only,0.01,0.02340873823467909,0.45352743561030234,0.019753086419753086
hi,seen only,0.01,0.023589117235093215,0.45576707726763716,0.019656019656019656
hi,seen only,0.01,0.023637750095832615,0.45912653975363943,0.01951219512195122
hi,seen only,0.01,0.023712415459477144,0.46136618141097424,0.019417475728155338
hi,seen only,0.01,0.023821012554030168,0.46472564389697646,0.01927710843373494
hi,seen only,0.01,0.02393676954707488,0.4669652855543113,0.019184652278177457
hi,seen only,0.01,0.02410102198661915,0.47032474804031354,0.01904761904761905
hi,seen only,0.01,0.024155491687621513,0.47256438969764836,0.018957345971563982
hi,seen only,0.01,0.02438476199212923,0.47592385218365063,0.018823529411764704
hi,seen only,0.01,0.024415817986988084,0.47816349384098544,0.01873536299765808
hi,seen only,0.01,0.024624070827579708,0.48152295632698766,0.020930232558139535
hi,seen only,0.01,0.024709463138939156,0.48376259798432253,0.020833333333333332
hi,seen only,0.01,0.024892911430039334,0.48712206047032475,0.020689655172413793
hi,seen only,0.01,0.024928318013747945,0.48936170212765956,0.020594965675057208
hi,seen only,0.01,0.02514891496778961,0.49272116461366183,0.020454545454545454
hi,seen only,0.01,0.025231061448570184,0.49496080627099664,0.020361990950226245
hi,seen only,0.01,0.025283775084802448,0.49832026875699886,0.020224719101123594
hi,seen only,0.01,0.025472869120758142,0.5005599104143337,0.020134228187919462
hi,seen only,0.01,0.025684275014071393,0.503919372900336,0.02
hi,seen only,0.01,0.026033869929498177,0.5061590145576708,0.01991150442477876
hi,seen only,0.01,0.026367697106102577,0.509518477043673,0.01978021978021978
hi,seen only,0.01,0.026945455038500345,0.5117581187010078,0.019693654266958426
hi,seen only,0.01,0.02759269058022096,0.5151175811870101,0.01956521739130435
hi,seen only,0.01,0.027910070798245,0.5173572228443449,0.01948051948051948
hi,seen only,0.01,0.028229079539384715,0.5207166853303471,0.021505376344086023
hi,seen only,0.01,0.02887364870248351,0.522956326987682,0.021413276231263382
hi,seen only,0.01,0.02909120064709462,0.5263157894736842,0.02127659574468085
hi,seen only,0.01,0.029538117082078964,0.528555431131019,0.0211864406779661
hi,seen only,0.01,0.02995082625248682,0.5319148936170213,0.023157894736842106
hi,seen only,0.01,0.031285541717095126,0.5352743561030235,0.02301255230125523
hi,seen only,0.01,0.03158397461442659,0.5375139977603584,0.022916666666666665
hi,seen only,0.01,0.03250461263503158,0.5408734602463606,0.024844720496894408
hi,seen only,0.01,0.03403361053159714,0.5431131019036954,0.024742268041237112
hi,seen only,0.01,0.03544372631189652,0.5464725643896976,0.02663934426229508
hi,seen only,0.01,0.03585441434664618,0.5487122060470325,0.026530612244897958
hi,seen only,0.01,0.03825400309380024,0.5520716685330347,0.028397565922920892
hi,seen only,0.01,0.03848252670728488,0.5543113101903695,0.028282828282828285
hi,seen only,0.01,0.041856097302076276,0.5576707726763718,0.028112449799196786
hi,seen only,0.01,0.04255283072894605,0.5599104143337066,0.028
hi,seen only,0.01,0.0445709842443355,0.5632698768197089,0.027833001988071572
hi,seen only,0.01,0.046443080579603904,0.5655095184770437,0.027722772277227723
hi,seen only,0.01,0.05038947963096002,0.568868980963046,0.027559055118110236
hi,seen only,0.01,0.052116852023189136,0.5711086226203808,0.027450980392156862
hi,seen only,0.01,0.05476957928353651,0.574468085106383,0.029239766081871343
hi,seen only,0.01,0.05663828902955764,0.5767077267637178,0.031067961165048542
hi,seen only,0.01,0.0584930725118498,0.58006718924972,0.03088803088803089
hi,seen only,0.01,0.061926118736605695,0.5823068309070548,0.03076923076923077
hi,seen only,0.01,0.06658770084362504,0.5856662933930571,0.032504780114722756
hi,seen only,0.01,0.06832792673686316,0.5879059350503919,0.03238095238095238
hi,seen only,0.01,0.07291992625059439,0.5912653975363942,0.032196969696969696
hi,seen only,0.01,0.07460462998550067,0.593505039193729,0.03207547169811321
hi,seen only,0.01,0.08071212800642222,0.5968645016797313,0.03189493433395872
hi,seen only,0.01,0.0846691401033123,0.5991041433370661,0.03177570093457944
hi,seen only,0.01,0.10096252304970284,0.6024636058230683,0.03345724907063197
hi,seen only,0.01,0.10777168574457803,0.6047032474804032,0.03518518518518519
hi,seen only,0.01,0.11045729699651301,0.6080627099664053,0.03683241252302026
hi,seen only,0.01,0.11849003002710286,0.6103023516237402,0.03853211009174312
hi,seen only,0.01,0.12716194530106553,0.6136618141097424,0.03832116788321168
hi,seen only,0.01,0.1401765511315439,0.6159014557670772,0.04
hi,seen only,0.01,0.15203910161593512,0.6192609182530795,0.039783001808318265
hi,seen only,0.01,0.1591895298168041,0.6215005599104143,0.03963963963963964
hi,seen only,0.01,0.16596582260151355,0.6248600223964166,0.043010752688172046
hi,seen only,0.01,0.20575619627429742,0.6282194848824189,0.0427807486631016
hi,seen only,0.01,0.21552675868653878,0.6304591265397537,0.04440497335701599
hi,seen only,0.01,0.22051019386527657,0.6338185890257558,0.045936395759717315
hi,seen only,0.01,0.25602587566125684,0.6360582306830908,0.04753521126760563
hi,seen only,0.01,0.281262366892964,0.6394176931690929,0.04903677758318739
hi,seen only,0.01,0.31852023691231734,0.6416573348264277,0.05235602094240838
hi,seen only,0.01,0.34430122410267894,0.64501679731243,0.05381944444444445
hi,seen only,0.01,0.35512129736265613,0.6472564389697648,0.05363321799307959
hi,seen only,0.01,0.3708145801982007,0.6506159014557671,0.05335628227194492
hi,seen only,0.01,0.38285619548858923,0.6528555431131019,0.0548885077186964
hi,seen only,0.01,0.39486767384296867,0.6562150055991042,0.05631399317406143
hi,seen only,0.01,0.4069112997282942,0.658454647256439,0.05782312925170068
hi,seen only,0.01,0.44351239214870825,0.6618141097424413,0.05752961082910321
hi,seen only,0.01,0.4594401309371709,0.6640537513997761,0.05902192242833052
hi,seen only,0.01,0.4737001973012951,0.6674132138857782,0.06208053691275168
hi,seen only,0.01,0.489422796790663,0.6696528555431132,0.06354515050167224
hi,seen only,0.01,0.5212284973372572,0.6730123180291153,0.06821963394342762
hi,seen only,0.01,0.5430110106173196,0.6752519596864501,0.07131011608623548
hi,seen only,0.01,0.5807831734840052,0.6786114221724524,0.07425742574257425
hi,seen only,0.01,0.5925522383215616,0.6808510638297872,0.0756578947368421
hi,seen only,0.01,0.6109536649203754,0.6842105263157895,0.07855973813420622
hi,seen only,0.01,0.6156909705728836,0.6864501679731243,0.08156606851549755
hi,seen only,0.01,0.6398609195929523,0.6898096304591266,0.08441558441558442
hi,seen only,0.01,0.6461856100035732,0.6920492721164614,0.08576051779935275
hi,seen only,0.01,0.6628520816785948,0.6954087346024636,0.08856682769726248
hi,seen only,0.01,0.7287483259451207,0.6976483762597985,0.0898876404494382
hi,seen only,0.01,0.7638617690868483,0.7010078387458006,0.09105431309904154
hi,seen only,0.01,0.774943160773632,0.7032474804031354,0.09235668789808917
hi,seen only,0.01,0.8000533784938326,0.7066069428891377,0.09667194928684628
hi,seen only,0.01,0.8284688604292167,0.7088465845464725,0.0995260663507109
hi,seen only,0.01,0.8398317215488388,0.7122060470324748,0.10377358490566038
hi,seen only,0.01,0.8434365202043236,0.7144456886898096,0.10658307210031348
hi,seen only,0.01,0.8482658035420771,0.7178051511758119,0.10764430577223089
hi,seen only,0.01,0.8575868132489884,0.7211646136618141,0.11180124223602485
hi,seen only,0.01,0.8623393882221564,0.723404255319149,0.1130030959752322
hi,seen only,0.01,0.8708768961717717,0.7267637178051511,0.11710323574730354
hi,seen only,0.01,0.87953930684655,0.729003359462486,0.11827956989247312
hi,seen only,0.01,0.8885732975577715,0.7323628219484882,0.12232415902140673
hi,seen only,0.01,0.8978955525234056,0.734602463605823,0.125
hi,seen only,0.01,0.9029631645691657,0.7379619260918253,0.12898330804248861
hi,seen only,0.01,0.9036222071396346,0.7402015677491601,0.13161875945537066
hi,seen only,0.01,0.9113732066175148,0.7435610302351624,0.1355421686746988
hi,seen only,0.01,0.9126486747336813,0.7458006718924972,0.13813813813813813
hi,seen only,0.01,0.9189601540490535,0.7491601343784995,0.14200298953662183
hi,seen only,0.01,0.9224216458474305,0.7513997760358343,0.14456035767511177
hi,seen only,0.01,0.9292012697532251,0.7547592385218365,0.14836795252225518
hi,seen only,0.01,0.93020725766859,0.7569988801791714,0.14940828402366865
hi,seen only,0.01,0.9354360543161888,0.7603583426651735,0.15316642120765833
hi,seen only,0.01,0.9375790580406563,0.7625979843225084,0.15565345080763582
hi,seen only,0.01,0.939995703919515,0.7659574468085106,0.15789473684210525
hi,seen only,0.01,0.9411521479848309,0.7681970884658454,0.16034985422740525
hi,seen only,0.01,0.9429889508031415,0.7715565509518477,0.16400580551523947
hi,seen only,0.01,0.9436353841449431,0.7737961926091825,0.1649782923299566
hi,seen only,0.01,0.9487003903773557,0.7771556550951848,0.16714697406340057
hi,seen only,0.01,0.9499233549922081,0.7793952967525196,0.16954022988505746
hi,seen only,0.01,0.9506812735422732,0.7827547592385219,0.17310443490701002
hi,seen only,0.01,0.9519081465863695,0.7849944008958567,0.1754636233951498
hi,seen only,0.01,0.9526324696971019,0.7883538633818589,0.17897727272727273
hi,seen only,0.01,0.9532402319746028,0.7905935050391937,0.1813031161473088
hi,seen only,0.01,0.9545968564858975,0.793952967525196,0.1847672778561354
hi,seen only,0.01,0.9558066266946778,0.7961926091825308,0.18706047819971872
hi,seen only,0.01,0.9564477744047697,0.799552071668533,0.19047619047619047
hi,seen only,0.01,0.9572094877990209,0.8017917133258678,0.19273743016759776
hi,seen only,0.01,0.9581537667285988,0.8051511758118701,0.19610570236439498
hi,seen only,0.01,0.9583368697296802,0.8073908174692049,0.19833564493758668
hi,seen only,0.01,0.9592537108203227,0.8107502799552072,0.20165745856353592
hi,seen only,0.01,0.9603868972161663,0.8141097424412094,0.20357634112792297
hi,seen only,0.01,0.9613197615536176,0.8163493840985442,0.205761316872428
hi,seen only,0.01,0.9615483777467312,0.8197088465845465,0.20901639344262296
hi,seen only,0.01,0.9617276291572894,0.8219484882418813,0.2098092643051771
hi,seen only,0.01,0.9620641356370605,0.8253079507278835,0.2130257801899593
hi,seen only,0.01,0.9620802592152058,0.8275475923852184,0.21515561569688768
hi,seen only,0.01,0.9624580182434709,0.8309070548712206,0.2183288409703504
hi,seen only,0.01,0.9629164202501016,0.8331466965285554,0.22043010752688172
hi,seen only,0.01,0.963407815113146,0.8365061590145577,0.22356091030789826
hi,seen only,0.01,0.9637654351065209,0.8387458006718925,0.22563417890520696
hi,seen only,0.01,0.96419149391946,0.8421052631578947,0.22872340425531915
hi,seen only,0.01,0.9644710396731663,0.8443449048152296,0.23076923076923078
hi,seen only,0.01,0.9655042781339908,0.8477043673012318,0.23381770145310435
hi,seen only,0.01,0.965761254927799,0.8499440089585666,0.23583662714097497
hi,seen only,0.01,0.9666144804908784,0.8533034714445689,0.2388451443569554
hi,seen only,0.01,0.966727773629132,0.8555431131019037,0.2395287958115183
hi,seen only,0.01,0.9672560409263984,0.858902575587906,0.242503259452412
hi,seen only,0.01,0.9673457581943192,0.8611422172452408,0.2444733420026008
hi,seen only,0.01,0.9674814155345617,0.864501679731243,0.24740932642487046
hi,seen only,0.01,0.9675007973141928,0.8667413213885778,0.24935400516795866
hi,seen only,0.01,0.9678637994584914,0.8701007838745801,0.25225225225225223
hi,seen only,0.01,0.967913694074331,0.8723404255319149,0.25417201540436457
hi,seen only,0.01,0.9679813166130288,0.8756998880179171,0.2570332480818414
hi,seen only,0.01,0.9680175231084318,0.8779395296752519,0.25892857142857145
hi,seen only,0.01,0.968336070026672,0.8812989921612542,0.2617534942820839
hi,seen only,0.01,0.9686416346513967,0.883538633818589,0.26362484157160965
hi,seen only,0.01,0.9687602662118078,0.8868980963045913,0.26641414141414144
hi,seen only,0.01,0.9688837324779638,0.8891377379619261,0.2682619647355164
hi,seen only,0.01,0.9690860317380046,0.8924972004479284,0.2710163111668758
hi,seen only,0.01,0.9693379173104734,0.8947368421052632,0.27284105131414266
hi,seen only,0.01,0.9696411935092263,0.8980963045912654,0.27556109725685785
hi,seen only,0.01,0.9697057300277268,0.9003359462486002,0.277363184079602
hi,seen only,0.01,0.9697487241934543,0.9036954087346024,0.28004956629491945
hi,seen only,0.01,0.9698585665152605,0.9070548712206047,0.28271604938271605
hi,seen only,0.01,0.9699243134572677,0.9092945128779395,0.28448275862068967
hi,seen only,0.01,0.9700139411416858,0.9126539753639418,0.2871165644171779
hi,seen only,0.01,0.9702601624988257,0.9148936170212766,0.28886168910648713
hi,seen only,0.01,0.9705500564963815,0.9182530795072789,0.2914634146341463
hi,seen only,0.01,0.9706393629886709,0.9204927211646137,0.29318734793187345
hi,seen only,0.01,0.9707561649961949,0.9238521836506159,0.2957575757575758
hi,seen only,0.01,0.9709884245864719,0.9260918253079508,0.2974607013301088
hi,seen only,0.01,0.9711221293014494,0.9294512877939529,0.3
hi,seen only,0.01,0.971154360761221,0.9316909294512878,0.3016826923076923
hi,seen only,0.01,0.9713621962628408,0.93505039193729,0.30419161676646705
hi,seen only,0.01,0.9714625832718399,0.9372900335946248,0.3058542413381123
hi,seen only,0.01,0.9716006912877406,0.9406494960806271,0.30833333333333335
hi,seen only,0.01,0.9717189977762137,0.9428891377379619,0.30997624703087884
hi,seen only,0.01,0.9718084682805407,0.9462486002239642,0.31242603550295855
hi,seen only,0.01,0.9719192016658468,0.948488241881299,0.3140495867768595
hi,seen only,0.01,0.9720719945981156,0.9518477043673013,0.3164705882352941
hi,seen only,0.01,0.9721073800231359,0.9540873460246361,0.318075117370892
hi,seen only,0.01,0.9722645467401289,0.9574468085106383,0.3192982456140351
hi,seen only,0.01,0.9723193258030943,0.9596864501679732,0.3208868144690782
hi,seen only,0.01,0.9725361831135543,0.9630459126539753,0.32325581395348835
hi,seen only,0.01,0.9726672506168894,0.9652855543113102,0.3248259860788863
hi,seen only,0.01,0.9727552465670228,0.9686450167973124,0.32716763005780347
hi,seen only,0.01,0.97285289347969,0.9708846584546472,0.328719723183391
hi,seen only,0.01,0.9731554200471983,0.9742441209406495,0.32988505747126434
hi,seen only,0.01,0.9733036476619734,0.9764837625979843,0.33142201834862384
hi,seen only,0.01,0.9733703682696575,0.9798432250839866,0.33371428571428574
hi,seen only,0.01,0.9734365074870956,0.9820828667413214,0.3352337514253136
hi,seen only,0.01,0.9736011230858889,0.9854423292273237,0.3375
hi,seen only,0.01,0.973622314639649,0.9876819708846585,0.33900226757369617
hi,seen only,0.01,0.9738296324548702,0.9910414333706606,0.34124293785310733
hi,seen only,0.01,0.9738777979471627,0.9932810750279956,0.342728297632469
hi,seen only,0.01,0.9739847913985099,0.9966405375139977,0.3449438202247191
hi,seen only,0.01,0.9740545983013412,1.0,0.3471444568868981
hi,seen only,0.05,0.0,0.46024636058230683,0.04866180048661801
hi,seen only,0.05,0.00982688189153985,0.46024636058230683,0.04866180048661801
hi,seen only,0.05,0.011887828531032532,0.46248600223964165,0.05084745762711865
hi,seen only,0.05,0.012259617049788977,0.46360582306830905,0.050724637681159424
hi,seen only,0.05,0.013155876358671815,0.4658454647256439,0.05048076923076923
hi,seen only,0.05,0.013367131772294013,0.46808510638297873,0.050239234449760764
hi,seen only,0.05,0.013461785270722695,0.46920492721164614,0.050119331742243436
hi,seen only,0.05,0.013776259029052055,0.47144456886898095,0.0498812351543943
hi,seen only,0.05,0.013923674500649004,0.47256438969764836,0.04976303317535545
hi,seen only,0.05,0.014039299617130702,0.4748040313549832,0.049528301886792456
hi,seen only,0.05,0.014236481266230788,0.47704367301231804,0.04929577464788732
hi,seen only,0.05,0.014304419780795743,0.47816349384098544,0.04918032786885246
hi,seen only,0.05,0.014433093016204598,0.48040313549832026,0.04895104895104895
hi,seen only,0.05,0.014566712427332519,0.4826427771556551,0.048723897911832945
hi,seen only,0.05,0.014569294011001209,0.48376259798432253,0.04861111111111111
hi,seen only,0.05,0.014689107134254158,0.48600223964165734,0.05069124423963134
hi,seen only,0.05,0.014697924949456499,0.48712206047032475,0.05057471264367816
hi,seen only,0.05,0.014914290923010484,0.48936170212765956,0.05034324942791762
hi,seen only,0.05,0.015005740908675737,0.4916013437849944,0.05011389521640091
hi,seen only,0.05,0.015008473624882213,0.49272116461366183,0.05
hi,seen only,0.05,0.015230746097223496,0.49496080627099664,0.049773755656108594
hi,seen only,0.05,0.01528248698694079,0.49608062709966405,0.04966139954853273
hi,seen only,0.05,0.015471703083285047,0.49832026875699886,0.04943820224719101
hi,seen only,0.05,0.015532844474076742,0.5005599104143337,0.049217002237136466
hi,seen only,0.05,0.01571498136499558,0.5016797312430011,0.049107142857142856
hi,seen only,0.05,0.01575104647693387,0.503919372900336,0.04888888888888889
hi,seen only,0.05,0.01590354558913399,0.5061590145576708,0.048672566371681415
hi,seen only,0.05,0.015950927248131474,0.5072788353863382,0.04856512141280353
hi,seen only,0.05,0.015962286337298005,0.509518477043673,0.04835164835164835
hi,seen only,0.05,0.01598800884829705,0.5106382978723404,0.04824561403508772
hi,seen only,0.05,0.01610019347034821,0.5128779395296752,0.048034934497816595
hi,seen only,0.05,0.016128974717644507,0.5151175811870101,0.04782608695652174
hi,seen only,0.05,0.016130816908806616,0.5162374020156775,0.04772234273318872
hi,seen only,0.05,0.01619295953768561,0.5184770436730123,0.047516198704103674
hi,seen only,0.05,0.0162514688475268,0.5195968645016797,0.04741379310344827
hi,seen only,0.05,0.016356835052498436,0.5218365061590146,0.04721030042918455
hi,seen only,0.05,0.016392183600530973,0.5240761478163494,0.04700854700854701
hi,seen only,0.05,0.016397434032942096,0.5251959686450168,0.046908315565031986
hi,seen only,0.05,0.01646673867340328,0.5274356103023516,0.04670912951167728
hi,seen only,0.05,0.016576261220532292,0.5296752519596865,0.046511627906976744
hi,seen only,0.05,0.016589485523680194,0.5307950727883539,0.046413502109704644
hi,seen only,0.05,0.01673404041646091,0.5330347144456887,0.046218487394957986
hi,seen only,0.05,0.016742254908483377,0.5341545352743561,0.04612159329140461
hi,seen only,0.05,0.01678971532353971,0.5363941769316909,0.04592901878914405
hi,seen only,0.05,0.016831252070002623,0.5386338185890257,0.04573804573804574
hi,seen only,0.05,0.016842121604824078,0.5397536394176932,0.04564315352697095
hi,seen only,0.05,0.016887270963422095,0.541993281075028,0.045454545454545456
hi,seen only,0.05,0.016918786650417655,0.5431131019036954,0.04536082474226804
hi,seen only,0.05,0.016973296637076033,0.5453527435610303,0.045174537987679675
hi,seen only,0.05,0.016984261469878983,0.5475923852183651,0.044989775051124746
hi,seen only,0.05,0.017012853842372812,0.5487122060470325,0.044897959183673466
hi,seen only,0.05,0.017093611472415667,0.5509518477043673,0.044715447154471545
hi,seen only,0.05,0.01712535874662097,0.5531914893617021,0.044534412955465584
hi,seen only,0.05,0.01714749245125213,0.5543113101903695,0.044444444444444446
hi,seen only,0.05,0.01722188115313539,0.5565509518477044,0.04426559356136821
hi,seen only,0.05,0.017294563339515404,0.5576707726763718,0.04417670682730924
hi,seen only,0.05,0.017311104311911466,0.5599104143337066,0.044
hi,seen only,0.05,0.017347272825950447,0.5621500559910414,0.043824701195219126
hi,seen only,0.05,0.01737867923744451,0.5632698768197089,0.0437375745526839
hi,seen only,0.05,0.01742674531259533,0.5655095184770437,0.04356435643564356
hi,seen only,0.05,0.017453826778047927,0.5666293393057111,0.043478260869565216
hi,seen only,0.05,0.0175085579724798,0.568868980963046,0.04330708661417323
hi,seen only,0.05,0.01754473868065982,0.5711086226203808,0.043137254901960784
hi,seen only,0.05,0.017569901852553863,0.5722284434490481,0.043052837573385516
hi,seen only,0.05,0.017682830070528757,0.574468085106383,0.042884990253411304
hi,seen only,0.05,0.01774920497372744,0.5767077267637178,0.04271844660194175
hi,seen only,0.05,0.017800797758305908,0.5778275475923852,0.04263565891472868
hi,seen only,0.05,0.017933500534227268,0.58006718924972,0.04247104247104247
hi,seen only,0.05,0.017938053344888197,0.5811870100783875,0.04238921001926782
hi,seen only,0.05,0.01800001662991654,0.5834266517357223,0.04222648752399232
hi,seen only,0.05,0.018011233959978452,0.5856662933930571,0.04206500956022945
hi,seen only,0.05,0.018039076567996682,0.5867861142217246,0.04198473282442748
hi,seen only,0.05,0.018061387239326116,0.5890257558790594,0.04182509505703422
hi,seen only,0.05,0.01808828187855668,0.5901455767077267,0.04174573055028463
hi,seen only,0.05,0.018131862183778952,0.5923852183650616,0.04158790170132325
hi,seen only,0.05,0.018176611136773792,0.5946248600223965,0.04143126177024482
hi,seen only,0.05,0.018176964931349585,0.5957446808510638,0.041353383458646614
hi,seen only,0.05,0.018288193117887153,0.5979843225083986,0.04119850187265917
hi,seen only,0.05,0.01829210995754314,0.6002239641657335,0.041044776119402986
hi,seen only,0.05,0.0183584487744598,0.6013437849944009,0.040968342644320296
hi,seen only,0.05,0.018415826478433487,0.6035834266517357,0.04081632653061224
hi,seen only,0.05,0.018441806658144003,0.6047032474804032,0.040740740740740744
hi,seen only,0.05,0.01849223041634454,0.606942889137738,0.04059040590405904
hi,seen only,0.05,0.018645925521845075,0.6091825307950728,0.04044117647058824
hi,seen only,0.05,0.01873737370585227,0.6103023516237402,0.04036697247706422
hi,seen only,0.05,0.018879678455341824,0.6125419932810751,0.04021937842778794
hi,seen only,0.05,0.018958815569076744,0.6136618141097424,0.040145985401459854
hi,seen only,0.05,0.01901059454257279,0.6159014557670772,0.04
hi,seen only,0.05,0.019058756981159507,0.6181410974244121,0.03985507246376811
hi,seen only,0.05,0.019096536035760288,0.6192609182530795,0.039783001808318265
hi,seen only,0.05,0.01910455363442875,0.6215005599104143,0.03963963963963964
hi,seen only,0.05,0.019127614951528246,0.6237402015677491,0.03949730700179533
hi,seen only,0.05,0.019135297155341867,0.6248600223964166,0.03942652329749104
hi,seen only,0.05,0.01917111107272097,0.6270996640537514,0.04107142857142857
hi,seen only,0.05,0.01923677092091513,0.6282194848824189,0.040998217468805706
hi,seen only,0.05,0.019287892435910396,0.6304591265397537,0.04085257548845471
hi,seen only,0.05,0.01933673154067061,0.6326987681970885,0.04070796460176991
hi,seen only,0.05,0.019426080469437876,0.6338185890257558,0.04063604240282685
hi,seen only,0.05,0.019529902610287517,0.6360582306830908,0.040492957746478875
hi,seen only,0.05,0.019538193118764254,0.6371780515117581,0.040421792618629174
hi,seen only,0.05,0.019635490633434376,0.6394176931690929,0.040280210157618214
hi,seen only,0.05,0.019673032539189454,0.6416573348264277,0.04013961605584642
hi,seen only,0.05,0.019694052437250253,0.6427771556550952,0.04006968641114982
hi,seen only,0.05,0.019762423220056738,0.64501679731243,0.03993055555555555
hi,seen only,0.05,0.01977948208789231,0.6472564389697648,0.039792387543252594
hi,seen only,0.05,0.019794611281431788,0.6483762597984323,0.039723661485319514
hi,seen only,0.05,0.019808253002213446,0.6506159014557671,0.039586919104991396
hi,seen only,0.05,0.019824344087191026,0.6517357222844344,0.03951890034364261
hi,seen only,0.05,0.01988026488551422,0.6539753639417694,0.039383561643835614
hi,seen only,0.05,0.019933048096377425,0.6562150055991042,0.03924914675767918
hi,seen only,0.05,0.019949447008549333,0.6573348264277715,0.039182282793867124
hi,seen only,0.05,0.020076085565440317,0.6595744680851063,0.03904923599320883
hi,seen only,0.05,0.020102505680025605,0.6606942889137738,0.03898305084745763
hi,seen only,0.05,0.020166181713791188,0.6629339305711086,0.03885135135135135
hi,seen only,0.05,0.020224870267826718,0.6651735722284434,0.03872053872053872
hi,seen only,0.05,0.02024000843190623,0.6662933930571109,0.03865546218487395
hi,seen only,0.05,0.020244278712560463,0.6685330347144457,0.038525963149078725
hi,seen only,0.05,0.0202921787396036,0.6707726763717805,0.038397328881469114
hi,seen only,0.05,0.02031580934063968,0.671892497200448,0.03833333333333333
hi,seen only,0.05,0.02047609583219195,0.6741321388577828,0.03820598006644518
hi,seen only,0.05,0.020659270781926028,0.6752519596864501,0.03814262023217247
hi,seen only,0.05,0.020744373018230015,0.6774916013437849,0.03801652892561983
hi,seen only,0.05,0.02077173856985088,0.6797312430011199,0.03789126853377265
hi,seen only,0.05,0.020776133687061688,0.6808510638297872,0.03782894736842105
hi,seen only,0.05,0.02089712524752552,0.683090705487122,0.03770491803278689
hi,seen only,0.05,0.020920283665400424,0.6842105263157895,0.03764320785597381
hi,seen only,0.05,0.02095733790163515,0.6864501679731243,0.037520391517128875
hi,seen only,0.05,0.02096247359162613,0.6886898096304591,0.03739837398373984
hi,seen only,0.05,0.020977080835619166,0.6898096304591266,0.037337662337662336
hi,seen only,0.05,0.021073725535991853,0.6920492721164614,0.0372168284789644
hi,seen only,0.05,0.021187341709358747,0.6942889137737962,0.037096774193548385
hi,seen only,0.05,0.021191746153316888,0.6954087346024636,0.037037037037037035
hi,seen only,0.05,0.02128941153720554,0.6976483762597985,0.03691813804173355
hi,seen only,0.05,0.02130961958241009,0.6987681970884658,0.03685897435897436
hi,seen only,0.05,0.02143857945504426,0.7010078387458006,0.036741214057507986
hi,seen only,0.05,0.021501924153454057,0.7032474804031354,0.03662420382165605
hi,seen only,0.05,0.02150288467051975,0.7043673012318029,0.03656597774244833
hi,seen only,0.05,0.02153439337984503,0.7066069428891377,0.03645007923930269
hi,seen only,0.05,0.021546785402862458,0.7077267637178052,0.03639240506329114
hi,seen only,0.05,0.021595183815223348,0.70996640537514,0.03627760252365931
hi,seen only,0.05,0.021698037095899174,0.7122060470324748,0.036163522012578615
hi,seen only,0.05,0.021717189770082027,0.7133258678611423,0.03610675039246468
hi,seen only,0.05,0.021850261392602103,0.7155655095184771,0.03599374021909233
hi,seen only,0.05,0.02191724068631801,0.7178051511758119,0.0358814352574103
hi,seen only,0.05,0.02202719440069269,0.7189249720044792,0.03582554517133956
hi,seen only,0.05,0.022097645049654984,0.7211646136618141,0.03571428571428571
hi,seen only,0.05,0.022139650719521006,0.7222844344904815,0.03565891472868217
hi,seen only,0.05,0.02221540825428495,0.7245240761478163,0.03554868624420402
hi,seen only,0.05,0.02234051162497975,0.7267637178051511,0.03543913713405239
hi,seen only,0.05,0.02236221421586123,0.7278835386338186,0.03538461538461538
hi,seen only,0.05,0.022389623084448574,0.7301231802911534,0.0352760736196319
hi,seen only,0.05,0.02248958197312968,0.7312430011198209,0.03522205206738132
hi,seen only,0.05,0.02267512809889697,0.7334826427771557,0.0366412213740458
hi,seen only,0.05,0.022700297469015324,0.7357222844344905,0.0365296803652968
hi,seen only,0.05,0.022725068230152714,0.7368421052631579,0.0364741641337386
hi,seen only,0.05,0.02276098293492008,0.7390817469204927,0.03636363636363636
hi,seen only,0.05,0.023121983114249366,0.7413213885778276,0.03625377643504532
hi,seen only,0.05,0.023139132000431765,0.7424412094064949,0.03619909502262444
hi,seen only,0.05,0.023163814765134516,0.7446808510638298,0.03609022556390978
hi,seen only,0.05,0.023177437390919424,0.7458006718924972,0.036036036036036036
hi,seen only,0.05,0.023309609016295956,0.748040313549832,0.03592814371257485
hi,seen only,0.05,0.023367631821522766,0.7502799552071668,0.03582089552238806
hi,seen only,0.05,0.023394099346459665,0.7513997760358343,0.03576751117734724
hi,seen only,0.05,0.023395944296655025,0.7536394176931691,0.03566121842496285
hi,seen only,0.05,0.02340873823467909,0.7547592385218365,0.03560830860534125
hi,seen only,0.05,0.023589117235093215,0.7569988801791714,0.03550295857988166
hi,seen only,0.05,0.02362845742437865,0.7592385218365062,0.035398230088495575
hi,seen only,0.05,0.023637750095832615,0.7603583426651735,0.035346097201767304
hi,seen only,0.05,0.023712415459477144,0.7625979843225084,0.03524229074889868
hi,seen only,0.05,0.02379472770680339,0.7648376259798432,0.03513909224011713
hi,seen only,0.05,0.023821012554030168,0.7659574468085106,0.03508771929824561
hi,seen only,0.05,0.02393676954707488,0.7681970884658454,0.03498542274052478
hi,seen only,0.05,0.02398764827574349,0.7693169092945129,0.034934497816593885
hi,seen only,0.05,0.02410102198661915,0.7715565509518477,0.03483309143686502
hi,seen only,0.05,0.024155491687621513,0.7737961926091825,0.03473227206946455
hi,seen only,0.05,0.024203212344455584,0.77491601343785,0.03468208092485549
hi,seen only,0.05,0.02438476199212923,0.7771556550951848,0.0345821325648415
hi,seen only,0.05,0.024397865282806623,0.7782754759238522,0.034532374100719423
hi,seen only,0.05,0.02456093344653744,0.780515117581187,0.03443328550932568
hi,seen only,0.05,0.024624070827579708,0.7827547592385219,0.0357653791130186
hi,seen only,0.05,0.02470305436560591,0.7838745800671892,0.03571428571428571
hi,seen only,0.05,0.02472569837772338,0.786114221724524,0.03561253561253561
hi,seen only,0.05,0.024892911430039334,0.7883538633818589,0.03551136363636364
hi,seen only,0.05,0.02489798569602223,0.7894736842105263,0.03546099290780142
hi,seen only,0.05,0.02495664461605384,0.7917133258678611,0.03536067892503536
hi,seen only,0.05,0.02500387082968487,0.7928331466965286,0.03531073446327684
hi,seen only,0.05,0.025173567594239273,0.7950727883538634,0.035211267605633804
hi,seen only,0.05,0.025248476568570037,0.7973124300111982,0.0351123595505618
hi,seen only,0.05,0.025280976208004978,0.7984322508398656,0.03506311360448808
hi,seen only,0.05,0.02530039578599682,0.8006718924972005,0.03496503496503497
hi,seen only,0.05,0.025472869120758142,0.8017917133258678,0.034916201117318434
hi,seen only,0.05,0.025548097243921083,0.8040313549832027,0.034818941504178275
hi,seen only,0.05,0.026025113849865826,0.8062709966405375,0.034722222222222224
hi,seen only,0.05,0.026033869929498177,0.8073908174692049,0.03467406380027739
hi,seen only,0.05,0.026330702909325668,0.8096304591265397,0.034578146611341634
hi,seen only,0.05,0.02644536993029409,0.8118701007838746,0.034482758620689655
hi,seen only,0.05,0.026945455038500345,0.812989921612542,0.03443526170798898
hi,seen only,0.05,0.027317651541260885,0.8152295632698768,0.034340659340659344
hi,seen only,0.05,0.02759269058022096,0.8163493840985442,0.03429355281207133
hi,seen only,0.05,0.027910070798245,0.8185890257558791,0.03419972640218878
hi,seen only,0.05,0.028176136487918398,0.8208286674132139,0.03547066848567531
hi,seen only,0.05,0.028229079539384715,0.8219484882418813,0.035422343324250684
hi,seen only,0.05,0.02887364870248351,0.8241881298992161,0.035326086956521736
hi,seen only,0.05,0.028941883071353636,0.8253079507278835,0.035278154681139755
hi,seen only,0.05,0.02909120064709462,0.8275475923852184,0.035182679296346414
hi,seen only,0.05,0.029538117082078964,0.8297872340425532,0.03508771929824561
hi,seen only,0.05,0.029655741803667052,0.8309070548712206,0.03504043126684636
hi,seen only,0.05,0.02995082625248682,0.8331466965285554,0.036290322580645164
hi,seen only,0.05,0.031238264354491948,0.8353863381858903,0.036193029490616625
hi,seen only,0.05,0.031285541717095126,0.8365061590145577,0.03614457831325301
hi,seen only,0.05,0.03158397461442659,0.8387458006718925,0.036048064085447265
hi,seen only,0.05,0.03160575457561084,0.8398656215005599,0.037333333333333336
hi,seen only,0.05,0.03250461263503158,0.8421052631578947,0.03723404255319149
hi,seen only,0.05,0.03403361053159714,0.8443449048152296,0.03713527851458886
hi,seen only,0.05,0.03475543769945006,0.845464725643897,0.03708609271523179
hi,seen only,0.05,0.03544372631189652,0.8477043673012318,0.03830911492734478
hi,seen only,0.05,0.03550572870766556,0.8488241881298992,0.03825857519788918
hi,seen only,0.05,0.03662085134353453,0.851063829787234,0.038157894736842106
hi,seen only,0.05,0.03825400309380024,0.8533034714445689,0.03937007874015748
hi,seen only,0.05,0.038337452608410025,0.8544232922732363,0.039318479685452164
hi,seen only,0.05,0.041007333956337454,0.8566629339305711,0.0392156862745098
hi,seen only,0.05,0.041856097302076276,0.858902575587906,0.03911342894393742
hi,seen only,0.05,0.042168337221725305,0.8600223964165733,0.0390625
hi,seen only,0.05,0.04343743612530986,0.8622620380739082,0.03896103896103896
hi,seen only,0.05,0.04389774459132024,0.8633818589025756,0.038910505836575876
hi,seen only,0.05,0.046436243143674526,0.8656215005599104,0.03880983182406209
hi,seen only,0.05,0.046781707556730445,0.8678611422172452,0.03870967741935484
hi,seen only,0.05,0.04697317266894835,0.8689809630459127,0.03865979381443299
hi,seen only,0.05,0.051991084282712756,0.8712206047032475,0.038560411311053984
hi,seen only,0.05,0.052116852023189136,0.8723404255319149,0.038510911424903725
hi,seen only,0.05,0.054298690194856766,0.8745800671892497,0.03841229193341869
hi,seen only,0.05,0.05481433037394063,0.8768197088465846,0.04086845466155811
hi,seen only,0.05,0.05663828902955764,0.8779395296752519,0.04081632653061224
hi,seen only,0.05,0.058176004270618836,0.8801791713325868,0.04071246819338423
hi,seen only,0.05,0.06080458282793206,0.8824188129899216,0.04060913705583756
hi,seen only,0.05,0.061926118736605695,0.883538633818589,0.04055766793409379
hi,seen only,0.05,0.06618070793570488,0.8857782754759238,0.041719342604298354
hi,seen only,0.05,0.06658770084362504,0.8868980963045913,0.041666666666666664
hi,seen only,0.05,0.06832792673686316,0.8891377379619261,0.041561712846347604
hi,seen only,0.05,0.07013597704383229,0.8913773796192609,0.0414572864321608
hi,seen only,0.05,0.07291992625059439,0.8924972004479284,0.04140526976160602
hi,seen only,0.05,0.07460462998550067,0.8947368421052632,0.04130162703379224
hi,seen only,0.05,0.0772826987580404,0.8958566629339306,0.04125
hi,seen only,0.05,0.08071212800642222,0.8980963045912654,0.04114713216957606
hi,seen only,0.05,0.0846691401033123,0.9003359462486002,0.041044776119402986
hi,seen only,0.05,0.08963966155566955,0.9014557670772676,0.040993788819875775
hi,seen only,0.05,0.10096252304970284,0.9036954087346024,0.042131350681536554
hi,seen only,0.05,0.10777168574457803,0.9059350503919373,0.04326328800988875
hi,seen only,0.05,0.1078459618850134,0.9070548712206047,0.043209876543209874
hi,seen only,0.05,0.11045729699651301,0.9092945128779395,0.04433497536945813
hi,seen only,0.05,0.11152403425107256,0.910414333706607,0.04551045510455105
hi,seen only,0.05,0.12069331788925006,0.9126539753639418,0.04539877300613497
hi,seen only,0.05,0.12716194530106553,0.9148936170212766,0.04528763769889841
hi,seen only,0.05,0.13269832687900765,0.916013437849944,0.04645476772616137
hi,seen only,0.05,0.14027481612183104,0.9182530795072789,0.046341463414634146
hi,seen only,0.05,0.1520127929325314,0.9193729003359462,0.04628501827040195
hi,seen only,0.05,0.15752774730301305,0.921612541993281,0.046172539489671933
hi,seen only,0.05,0.16041527449209675,0.9238521836506159,0.04727272727272727
hi,seen only,0.05,0.16131432035782037,0.9249720044792833,0.04721549636803874
hi,seen only,0.05,0.16911255160248692,0.9272116461366181,0.04830917874396135
hi,seen only,0.05,0.20575619627429742,0.9294512877939529,0.04819277108433735
hi,seen only,0.05,0.20641779187125095,0.9305711086226204,0.048134777376654635
hi,seen only,0.05,0.2168782927045869,0.9328107502799552,0.04921968787515006
hi,seen only,0.05,0.21833631768539438,0.9339305711086227,0.050359712230215826
hi,seen only,0.05,0.24437737867898238,0.9361702127659575,0.050239234449760764
hi,seen only,0.05,0.26136705333833626,0.9384098544232923,0.0513126491646778
hi,seen only,0.05,0.265098211212913,0.9395296752519597,0.05125148986889154
hi,seen only,0.05,0.3133593171699211,0.9417693169092946,0.0535077288941736
hi,seen only,0.05,0.31852023691231734,0.9428891377379619,0.05463182897862233
hi,seen only,0.05,0.33848826477373817,0.9451287793952967,0.05568720379146919
hi,seen only,0.05,0.3446207528833764,0.9473684210526315,0.05555555555555555
hi,seen only,0.05,0.35512129736265613,0.948488241881299,0.05548996458087367
hi,seen only,0.05,0.3659466273175974,0.9507278835386338,0.05535924617196702
hi,seen only,0.05,0.37818403989705524,0.9529675251959686,0.055229142185663924
hi,seen only,0.05,0.38285619548858923,0.9540873460246361,0.056338028169014086
hi,seen only,0.05,0.3842315362425801,0.9563269876819709,0.05737704918032787
hi,seen only,0.05,0.39486767384296867,0.9574468085106383,0.05730994152046784
hi,seen only,0.05,0.4069112997282942,0.9596864501679732,0.058343057176196034
hi,seen only,0.05,0.4419079099429773,0.961926091825308,0.05820721769499418
hi,seen only,0.05,0.44351239214870825,0.9630459126539753,0.05813953488372093
hi,seen only,0.05,0.4594401309371709,0.9652855543113102,0.05916473317865429
hi,seen only,0.05,0.4617420166442064,0.9664053751399776,0.06025492468134415
hi,seen only,0.05,0.4737001973012951,0.9686450167973124,0.06127167630057803
hi,seen only,0.05,0.489422796790663,0.9708846584546472,0.06228373702422145
hi,seen only,0.05,0.48972667791355234,0.9720044792833147,0.06336405529953917
hi,seen only,0.05,0.5212284973372572,0.9742441209406495,0.06551724137931035
hi,seen only,0.05,0.5430110106173196,0.9764837625979843,0.0676605504587156
hi,seen only,0.05,0.5674117661866047,0.9776035834266518,0.06872852233676977
hi,seen only,0.05,0.5807831734840052,0.9798432250839866,0.06971428571428571
hi,seen only,0.05,0.5903173979140636,0.9809630459126539,0.07077625570776255
hi,seen only,0.05,0.6013410041772549,0.9832026875699889,0.07175398633257403
hi,seen only,0.05,0.6109536649203754,0.9854423292273237,0.07272727272727272
hi,seen only,0.05,0.6111452771579805,0.986562150055991,0.07377979568671963
hi,seen only,0.05,0.6214278243988112,0.9888017917133258,0.07587768969422423
hi,seen only,0.05,0.6320123671470133,0.9899216125419933,0.0757918552036199
hi,seen only,0.05,0.6405521524876802,0.9921612541993281,0.07674943566591422
hi,seen only,0.05,0.6511684618710785,0.9944008958566629,0.0777027027027027
hi,seen only,0.05,0.6517612472992576,0.9955207166853304,0.07874015748031496
hi,seen only,0.05,0.6992336198382306,0.9977603583426652,0.08080808080808081
hi,seen only,0.05,0.7366648424605313,1.0,0.08174692049272117
te,all test,0.01,0.0,0.06270096463022508,0.07692307692307693
te,all test,0.01,0.0009278958997385112,0.06270096463022508,0.07692307692307693
te,all test,0.01,0.0017528624360386685,0.06591639871382636,0.0975609756097561
te,all test,0.01,0.001869466781161135,0.06913183279742766,0.09302325581395349
te,all test,0.01,0.0018955628410855688,0.07234726688102894,0.08888888888888889
te,all test,0.01,0.0019028288071889843,0.07556270096463022,0.0851063829787234
te,all test,0.01,0.0020287190085423435,0.07877813504823152,0.08163265306122448
te,all test,0.01,0.0020569664248678227,0.0819935691318328,0.0784313725490196
te,all test,0.01,0.0021351248331012945,0.08520900321543408,0.07547169811320754
te,all test,0.01,0.0021703152909876844,0.08842443729903537,0.07272727272727272
te,all test,0.01,0.0022548398344589622,0.09163987138263666,0.07017543859649122
te,all test,0.01,0.0023647090992506676,0.09485530546623794,0.0847457627118644
te,all test,0.01,0.002442553800378165,0.09807073954983923,0.08196721311475409
te,all test,0.01,0.0024583727251789997,0.10128617363344052,0.07936507936507936
te,all test,0.01,0.002525371988678882,0.1045016077170418,0.07692307692307693
te,all test,0.01,0.0025930444528756854,0.10771704180064309,0.07462686567164178
te,all test,0.01,0.0026672186593777393,0.11093247588424437,0.07246376811594203
te,all test,0.01,0.0026884999799227137,0.11414790996784566,0.07042253521126761
te,all test,0.01,0.0027159553189294605,0.11736334405144695,0.0684931506849315
te,all test,0.01,0.0027337543700126808,0.12057877813504823,0.06666666666666667
te,all test,0.01,0.002768735417284589,0.12379421221864952,0.06493506493506493
te,all test,0.01,0.0028041476031101685,0.1270096463022508,0.06329113924050633
te,all test,0.01,0.002825995109995647,0.12861736334405144,0.0625
te,all test,0.01,0.0028473208027275467,0.13183279742765272,0.06097560975609756
te,all test,0.01,0.002871862550249189,0.13504823151125403,0.05952380952380952
te,all test,0.01,0.002884460964556523,0.1382636655948553,0.05813953488372093
te,all test,0.01,0.002984685133984339,0.1414790996784566,0.056818181818181816
te,all test,0.01,0.003032887156569876,0.14469453376205788,0.05555555555555555
te,all test,0.01,0.003101672284442845,0.14790996784565916,0.05434782608695652
te,all test,0.01,0.0031309252785394824,0.15112540192926044,0.05319148936170213
te,all test,0.01,0.0031481958434592164,0.15434083601286175,0.052083333333333336
te,all test,0.01,0.0031993653591438085,0.15755627009646303,0.05102040816326531
te,all test,0.01,0.0032259852452503545,0.1607717041800643,0.05
te,all test,0.01,0.0032645319876904036,0.1639871382636656,0.049019607843137254
te,all test,0.01,0.0032924993135403733,0.16720257234726688,0.04807692307692308
te,all test,0.01,0.003339424003716504,0.17041800643086816,0.04716981132075472
te,all test,0.01,0.003360823001684772,0.17363344051446947,0.05555555555555555
te,all test,0.01,0.003419352987069466,0.17684887459807075,0.05454545454545454
te,all test,0.01,0.0034273630085266318,0.18006430868167203,0.05357142857142857
te,all test,0.01,0.003436466877319847,0.1832797427652733,0.05263157894736842
te,all test,0.01,0.003453128919083605,0.1864951768488746,0.05172413793103448
te,all test,0.01,0.003509703825943829,0.18971061093247588,0.05084745762711865
te,all test,0.01,0.003515163891970233,0.19292604501607716,0.05
te,all test,0.01,0.0035262225968423965,0.1945337620578778,0.049586776859504134
te,all test,0.01,0.0035454635646692562,0.1977491961414791,0.04878048780487805
te,all test,0.01,0.0035461883838030163,0.20096463022508038,0.048
te,all test,0.01,0.0035622965636875116,0.20418006430868169,0.047244094488188976
te,all test,0.01,0.0036037579074966065,0.20739549839228297,0.046511627906976744
te,all test,0.01,0.0036167600634437504,0.21061093247588425,0.04580152671755725
te,all test,0.01,0.0036414160227950768,0.21382636655948553,0.045112781954887216
te,all test,0.01,0.003653825821925017,0.2170418006430868,0.044444444444444446
te,all test,0.01,0.003687356025090237,0.2202572347266881,0.043795620437956206
te,all test,0.01,0.003690286033167265,0.22347266881028938,0.04316546762589928
te,all test,0.01,0.0037810017495566554,0.2266881028938907,0.0425531914893617
te,all test,0.01,0.0038292569056618767,0.22990353697749197,0.04195804195804196
te,all test,0.01,0.0038573448772538056,0.23311897106109325,0.041379310344827586
te,all test,0.01,0.0038738689412754794,0.23633440514469453,0.04081632653061224
te,all test,0.01,0.0038940486030811026,0.2395498392282958,0.040268456375838924
te,all test,0.01,0.0039130288480188884,0.2427652733118971,0.039735099337748346
te,all test,0.01,0.003956179062468733,0.2459807073954984,0.0392156862745098
te,all test,0.01,0.003968911203208328,0.2491961414790997,0.03870967741935484
te,all test,0.01,0.003975317601746291,0.25241157556270094,0.03821656050955414
te,all test,0.01,0.0040273342104699475,0.25562700964630225,0.03773584905660377
te,all test,0.01,0.004052734463930843,0.25884244372990356,0.037267080745341616
te,all test,0.01,0.004109002716368759,0.2620578778135048,0.03680981595092025
te,all test,0.01,0.004113770417087593,0.26366559485530544,0.036585365853658534
te,all test,0.01,0.004149806799961313,0.26688102893890675,0.03614457831325301
te,all test,0.01,0.00415080044933646,0.27009646302250806,0.03571428571428571
te,all test,0.01,0.004168943280496292,0.2733118971061093,0.03529411764705882
te,all test,0.01,0.0041821113803459375,0.2765273311897106,0.03488372093023256
te,all test,0.01,0.004208059800213521,0.2797427652733119,0.034482758620689655
te,all test,0.01,0.004214818539862774,0.2829581993569132,0.03409090909090909
te,all test,0.01,0.0042813730060451295,0.2861736334405145,0.033707865168539325
te,all test,0.01,0.004298226862458829,0.28938906752411575,0.03333333333333333
te,all test,0.01,0.004319320896047105,0.29260450160771706,0.03296703296703297
te,all test,0.01,0.004342475324658207,0.2958199356913183,0.03260869565217391
te,all test,0.01,0.004360391752291816,0.2990353697749196,0.03225806451612903
te,all test,0.01,0.00437114547756051,0.3022508038585209,0.031914893617021274
te,all test,0.01,0.004416142653790407,0.3054662379421222,0.031578947368421054
te,all test,0.01,0.004442018994217597,0.3086816720257235,0.03125
te,all test,0.01,0.004479433237884778,0.31189710610932475,0.030927835051546393
te,all test,0.01,0.004529231036935638,0.31511254019292606,0.030612244897959183
te,all test,0.01,0.004590972674625483,0.3183279742765273,0.030303030303030304
te,all test,0.01,0.004635509996531929,0.3215434083601286,0.03
te,all test,0.01,0.00464146834000387,0.3247588424437299,0.0297029702970297
te,all test,0.01,0.00465100152446452,0.3279742765273312,0.029411764705882353
te,all test,0.01,0.00466924081567776,0.3295819935691318,0.02926829268292683
te,all test,0.01,0.004676292291927358,0.3327974276527331,0.028985507246376812
te,all test,0.01,0.004714900163240778,0.3360128617363344,0.028708133971291867
te,all test,0.01,0.004721983328011941,0.3392282958199357,0.02843601895734597
te,all test,0.01,0.004761823584248658,0.342443729903537,0.028169014084507043
te,all test,0.01,0.004815747986102894,0.34565916398713825,0.027906976744186046
te,all test,0.01,0.004819674837472687,0.34887459807073956,0.027649769585253458
te,all test,0.01,0.004823054384365039,0.3520900321543408,0.0273972602739726
te,all test,0.01,0.004878356661359565,0.3553054662379421,0.027149321266968326
te,all test,0.01,0.004935106042783556,0.35852090032154343,0.026905829596412557
te,all test,0.01,0.004970726077480766,0.3617363344051447,0.02666666666666667
te,all test,0.01,0.004985222739066816,0.364951768488746,0.02643171806167401
te,all test,0.01,0.005009320883721608,0.36816720257234725,0.026200873362445413
te,all test,0.01,0.005058723352815085,0.37138263665594856,0.025974025974025976
te,all test,0.01,0.005146465762715541,0.3745980707395498,0.02575107296137339
te,all test,0.01,0.005166205595849917,0.3778135048231511,0.02553191489361702
te,all test,0.01,0.005189924660881616,0.38102893890675243,0.02531645569620253
te,all test,0.01,0.005214677763673285,0.3842443729903537,0.029288702928870293
te,all test,0.01,0.0052255985228870615,0.387459807073955,0.029045643153526972
te,all test,0.01,0.005253758116468522,0.39067524115755625,0.02880658436213992
te,all test,0.01,0.0052635222724061684,0.39389067524115756,0.02857142857142857
te,all test,0.01,0.005270170264696137,0.3954983922829582,0.028455284552845527
te,all test,0.01,0.005360281924441449,0.3987138263665595,0.028225806451612902
te,all test,0.01,0.005384911281850558,0.40192926045016075,0.028
te,all test,0.01,0.005421198040475599,0.40514469453376206,0.027777777777777776
te,all test,0.01,0.005445115991696985,0.40836012861736337,0.027559055118110236
te,all test,0.01,0.005449255421549992,0.4115755627009646,0.02734375
te,all test,0.01,0.005503773757472739,0.41479099678456594,0.027131782945736434
te,all test,0.01,0.0055062009769809035,0.4180064308681672,0.026923076923076925
te,all test,0.01,0.00554120033018914,0.4212218649517685,0.026717557251908396
te,all test,0.01,0.005592335912212527,0.42443729903536975,0.026515151515151516
te,all test,0.01,0.0056087406164109415,0.42765273311897106,0.02631578947368421
te,all test,0.01,0.005677966229710785,0.43086816720257237,0.026119402985074626
te,all test,0.01,0.005681744661228865,0.4340836012861736,0.025925925925925925
te,all test,0.01,0.005771208310377774,0.43729903536977494,0.025735294117647058
te,all test,0.01,0.005782079389060498,0.4405144694533762,0.025547445255474453
te,all test,0.01,0.005818290319267026,0.4437299035369775,0.025362318840579712
te,all test,0.01,0.005831743408782432,0.44694533762057875,0.025179856115107913
te,all test,0.01,0.0058867326942929005,0.45016077170418006,0.025
te,all test,0.01,0.005928003971641033,0.4533762057877814,0.024822695035460994
te,all test,0.01,0.005964127541529973,0.4565916398713826,0.02464788732394366
te,all test,0.01,0.006049193631382658,0.45980707395498394,0.024475524475524476
te,all test,0.01,0.006098917016824151,0.4630225080385852,0.024305555555555556
te,all test,0.01,0.006117631362970447,0.4646302250803859,0.02422145328719723
te,all test,0.01,0.0061431136163635856,0.4678456591639871,0.024054982817869417
te,all test,0.01,0.006285665268569363,0.47106109324758844,0.023890784982935155
te,all test,0.01,0.0063733987257876224,0.4742765273311897,0.023728813559322035
te,all test,0.01,0.006444003415711946,0.477491961414791,0.02356902356902357
te,all test,0.01,0.006497198061988637,0.4807073954983923,0.023411371237458192
te,all test,0.01,0.0065072962022474845,0.48392282958199356,0.023255813953488372
te,all test,0.01,0.006553457490470629,0.4871382636655949,0.0231023102310231
te,all test,0.01,0.006629088706605924,0.4903536977491961,0.022950819672131147
te,all test,0.01,0.0066738071903121145,0.49356913183279744,0.02280130293159609
te,all test,0.01,0.006765439096130273,0.4967845659163987,0.022653721682847898
te,all test,0.01,0.006787751284373216,0.5,0.022508038585209004
te,all test,0.01,0.006955615468595821,0.5032154340836013,0.022364217252396165
te,all test,0.01,0.006976181600179924,0.5064308681672026,0.022222222222222223
te,all test,0.01,0.006995227268137921,0.5096463022508039,0.022082018927444796
te,all test,0.01,0.007023188937281303,0.5128617363344051,0.0219435736677116
te,all test,0.01,0.007096892428588527,0.5160771704180064,0.024922118380062305
te,all test,0.01,0.007243811363411409,0.5192926045016077,0.02476780185758514
te,all test,0.01,0.00735198475998528,0.522508038585209,0.024615384615384615
te,all test,0.01,0.0074045028657976275,0.5257234726688103,0.024464831804281346
te,all test,0.01,0.007440202406566355,0.5289389067524116,0.0243161094224924
te,all test,0.01,0.007450254840922004,0.5305466237942122,0.024242424242424242
te,all test,0.01,0.007661954359186196,0.5337620578778135,0.02710843373493976
te,all test,0.01,0.0077197520656361075,0.5369774919614148,0.02694610778443114
te,all test,0.01,0.007920465446807846,0.5401929260450161,0.026785714285714284
te,all test,0.01,0.008037583720834834,0.5434083601286174,0.026627218934911243
te,all test,0.01,0.008241218799553893,0.5466237942122186,0.026470588235294117
te,all test,0.01,0.008547425322662795,0.5498392282958199,0.02631578947368421
te,all test,0.01,0.009020325706944133,0.5530546623794212,0.02616279069767442
te,all test,0.01,0.009071633935295836,0.5562700964630225,0.028901734104046242
te,all test,0.01,0.009849545923873543,0.5594855305466238,0.028735632183908046
te,all test,0.01,0.01066513398711178,0.5627009646302251,0.03142857142857143
te,all test,0.01,0.011053071230513535,0.5659163987138264,0.03125
te,all test,0.01,0.01116005062065529,0.5691318327974276,0.031073446327683617
te,all test,0.01,0.011605429157173998,0.572347266881029,0.03089887640449438
te,all test,0.01,0.01183714334927536,0.5755627009646302,0.030726256983240222
te,all test,0.01,0.011935656807843786,0.5787781350482315,0.030555555555555555
te,all test,0.01,0.012043328725935432,0.5819935691318328,0.03038674033149171
te,all test,0.01,0.012109874301583917,0.5852090032154341,0.03021978021978022
te,all test,0.01,0.013025845218269255,0.5884244372990354,0.030054644808743168
te,all test,0.01,0.013377564771181552,0.5916398713826366,0.029891304347826088
te,all test,0.01,0.014098837175896706,0.594855305466238,0.02972972972972973
te,all test,0.01,0.014180219262120075,0.5964630225080386,0.029649595687331536
te,all test,0.01,0.015072170228961073,0.5996784565916399,0.029490616621983913
te,all test,0.01,0.01718835428717897,0.6028938906752411,0.032
te,all test,0.01,0.018302536306826444,0.6061093247588425,0.03183023872679045
te,all test,0.01,0.0200934158972679,0.6093247588424437,0.0316622691292876
te,all test,0.01,0.020466344319196143,0.612540192926045,0.031496062992125984
te,all test,0.01,0.02166422419800951,0.6157556270096463,0.031331592689295036
te,all test,0.01,0.022074187943871833,0.6189710610932476,0.03116883116883117
te,all test,0.01,0.02255593533137722,0.6221864951768489,0.031007751937984496
te,all test,0.01,0.024592642214695613,0.6254019292604501,0.030848329048843187
te,all test,0.01,0.025818281198321816,0.6286173633440515,0.030690537084398978
te,all test,0.01,0.027515631923524343,0.6318327974276527,0.030534351145038167
te,all test,0.01,0.0305872221421702,0.635048231511254,0.030379746835443037
te,all test,0.01,0.03158980592931792,0.6382636655948553,0.03526448362720403
te,all test,0.01,0.03680848514274716,0.6414790996784566,0.03508771929824561
te,all test,0.01,0.03759076161550943,0.6446945337620579,0.03740648379052369
te,all test,0.01,0.04077811002973592,0.6479099678456591,0.03722084367245657
te,all test,0.01,0.04463163497224256,0.6511254019292605,0.037037037037037035
te,all test,0.01,0.047713791183756425,0.6543408360128617,0.036855036855036855
te,all test,0.01,0.056798536485837194,0.657556270096463,0.03667481662591687
te,all test,0.01,0.06630083777863756,0.6607717041800643,0.0364963503649635
te,all test,0.01,0.07848262117484614,0.6639871382636656,0.03631961259079903
te,all test,0.01,0.07866562402493232,0.6655948553054662,0.03864734299516908
te,all test,0.01,0.11073078701383517,0.6688102893890675,0.038461538461538464
te,all test,0.01,0.11901795492093052,0.6720257234726688,0.03827751196172249
te,all test,0.01,0.12302744760557861,0.6752411575562701,0.04285714285714286
te,all test,0.01,0.14720938142650922,0.6784565916398714,0.045023696682464455
te,all test,0.01,0.1674669345580977,0.6816720257234726,0.04481132075471698
te,all test,0.01,0.19571985845652146,0.684887459807074,0.04929577464788732
te,all test,0.01,0.21278719309415695,0.6881028938906752,0.0514018691588785
te,all test,0.01,0.24978791997982341,0.6913183279742765,0.053488372093023255
te,all test,0.01,0.28714551823088325,0.6945337620578779,0.05324074074074074
te,all test,0.01,0.3593083158745923,0.6977491961414791,0.052995391705069124
te,all test,0.01,0.3789055838539485,0.7009646302250804,0.05504587155963303
te,all test,0.01,0.41751371377349583,0.7041800643086816,0.05707762557077625
te,all test,0.01,0.43373597844216955,0.707395498392283,0.056818181818181816
te,all test,0.01,0.48206905098912506,0.7106109324758842,0.058823529411764705
te,all test,0.01,0.5721148071166281,0.7138263665594855,0.060810810810810814
te,all test,0.01,0.5855417577733072,0.7170418006430869,0.06278026905829596
te,all test,0.01,0.6093853431166556,0.7202572347266881,0.06696428571428571
te,all test,0.01,0.6303437583540741,0.7234726688102894,0.06888888888888889
te,all test,0.01,0.6415062225072662,0.7266881028938906,0.06858407079646017
te,all test,0.01,0.6965880987063322,0.729903536977492,0.07048458149779736
te,all test,0.01,0.7216799407207981,0.7315112540192926,0.07252747252747253
te,all test,0.01,0.7646763934250448,0.7347266881028939,0.07439824945295405
te,all test,0.01,0.7934561850156723,0.7379421221864951,0.0784313725490196
te,all test,0.01,0.8184232010781428,0.7411575562700965,0.08026030368763558
te,all test,0.01,0.8324115379387003,0.7443729903536977,0.08423326133909287
te,all test,0.01,0.8372120636409529,0.747588424437299,0.08602150537634409
te,all test,0.01,0.8610657444949918,0.7508038585209004,0.08993576017130621
te,all test,0.01,0.870051430619627,0.7540192926045016,0.09381663113006397
te,all test,0.01,0.8736436020278644,0.7572347266881029,0.09766454352441614
te,all test,0.01,0.9172293446374916,0.7604501607717041,0.1014799154334038
te,all test,0.01,0.9325245262318349,0.7636655948553055,0.10526315789473684
te,all test,0.01,0.9415651659718329,0.7668810289389068,0.1090146750524109
te,all test,0.01,0.9435504562832211,0.770096463022508,0.1127348643006263
te,all test,0.01,0.9458835519516696,0.7733118971061094,0.11642411642411643
te,all test,0.01,0.9473852352899516,0.7765273311897106,0.12008281573498965
te,all test,0.01,0.9505311766954221,0.7797427652733119,0.12371134020618557
te,all test,0.01,0.9555283591140102,0.7829581993569131,0.1273100616016427
te,all test,0.01,0.9563806894420215,0.7861736334405145,0.12883435582822086
te,all test,0.01,0.9582043667284603,0.7893890675241158,0.13034623217922606
te,all test,0.01,0.960706492275537,0.792604501607717,0.13387423935091278
te,all test,0.01,0.963127396109221,0.7958199356913184,0.13737373737373737
te,all test,0.01,0.9637275030384752,0.797427652733119,0.13911290322580644
te,all test,0.01,0.9647023997752965,0.8006430868167203,0.142570281124498
te,all test,0.01,0.9659707038126685,0.8038585209003215,0.146
te,all test,0.01,0.9670285555121418,0.8070739549839229,0.14940239043824702
te,all test,0.01,0.9674331833550532,0.8102893890675241,0.1527777777777778
te,all test,0.01,0.9687669471393241,0.8135048231511254,0.1541501976284585
te,all test,0.01,0.9700291519407165,0.8167202572347267,0.15748031496062992
te,all test,0.01,0.9702897042699209,0.819935691318328,0.1607843137254902
te,all test,0.01,0.9708210429622031,0.8231511254019293,0.1640625
te,all test,0.01,0.9709100219183551,0.8263665594855305,0.16731517509727625
te,all test,0.01,0.9713159601176031,0.8295819935691319,0.17054263565891473
te,all test,0.01,0.9714753943288972,0.8327974276527331,0.17374517374517376
te,all test,0.01,0.9717707628438547,0.8360128617363344,0.17692307692307693
te,all test,0.01,0.9725731114075532,0.8392282958199357,0.18007662835249041
te,all test,0.01,0.972706327588951,0.842443729903537,0.183206106870229
te,all test,0.01,0.972833557451716,0.8456591639871383,0.18631178707224336
te,all test,0.01,0.9734303190927851,0.8488745980707395,0.1893939393939394
te,all test,0.01,0.973478972847507,0.8520900321543409,0.19245283018867926
te,all test,0.01,0.9736910190795394,0.8553054662379421,0.19548872180451127
te,all test,0.01,0.9739651695448873,0.8585209003215434,0.19850187265917604
te,all test,0.01,0.9739981713103951,0.8617363344051447,0.20149253731343283
te,all test,0.01,0.9745180226735513,0.864951768488746,0.20446096654275092
te,all test,0.01,0.974524336662749,0.8665594855305466,0.20593692022263452
te,all test,0.01,0.9746728892171331,0.8697749196141479,0.2088724584103512
te,all test,0.01,0.9748844013395851,0.8729903536977492,0.21178637200736647
te,all test,0.01,0.9751145410539332,0.8762057877813505,0.21467889908256882
te,all test,0.01,0.975302245060015,0.8794212218649518,0.21755027422303475
te,all test,0.01,0.9754124035927855,0.882636655948553,0.2204007285974499
te,all test,0.01,0.9755473604123528,0.8858520900321544,0.22323049001814882
te,all test,0.01,0.9757375098534016,0.8890675241157556,0.22603978300180833
te,all test,0.01,0.9759102540629867,0.8922829581993569,0.22882882882882882
te,all test,0.01,0.9761582067597041,0.8954983922829582,0.23159784560143626
te,all test,0.01,0.9763458222436256,0.8987138263665595,0.23434704830053668
te,all test,0.01,0.976818753493555,0.9019292604501608,0.23707664884135474
te,all test,0.01,0.9773598425428985,0.905144694533762,0.23978685612788633
te,all test,0.01,0.977602061957876,0.9083601286173634,0.2424778761061947
te,all test,0.01,0.9777402998696821,0.9115755627009646,0.24338624338624337
te,all test,0.01,0.978200763361436,0.9147909967845659,0.2460456942003515
te,all test,0.01,0.978546361980073,0.9180064308681672,0.2486865148861646
te,all test,0.01,0.9786154175950356,0.9212218649517685,0.2513089005235602
te,all test,0.01,0.9789074463205579,0.9244372990353698,0.2539130434782609
te,all test,0.01,0.9789920566328777,0.927652733118971,0.2564991334488735
te,all test,0.01,0.9792421663564672,0.9308681672025724,0.25906735751295334
te,all test,0.01,0.9792960952265432,0.932475884244373,0.2603448275862069
te,all test,0.01,0.9796635528026376,0.9356913183279743,0.26288659793814434
te,all test,0.01,0.9798161521933499,0.9389067524115756,0.2654109589041096
te,all test,0.01,0.9798672995840854,0.9421221864951769,0.26791808873720135
te,all test,0.01,0.979911403182674,0.9453376205787781,0.27040816326530615
te,all test,0.01,0.9801959610570559,0.9485530546623794,0.27288135593220336
te,all test,0.01,0.98079355703636,0.9517684887459807,0.27533783783783783
te,all test,0.01,0.981226816639043,0.954983922829582,0.2777777777777778
te,all test,0.01,0.9812862027245642,0.9581993569131833,0.2802013422818792
te,all test,0.01,0.9814822494062423,0.9614147909967846,0.2826086956521739
te,all test,0.01,0.9815727563736633,0.9646302250803859,0.285
te,all test,0.01,0.9818290728149609,0.9678456591639871,0.287375415282392
te,all test,0.01,0.9819092553151583,0.9710610932475884,0.2897350993377483
te,all test,0.01,0.9820022903172697,0.9742765273311897,0.29207920792079206
te,all test,0.01,0.9821221522530217,0.977491961414791,0.29276315789473684
te,all test,0.01,0.9823673990571429,0.9807073954983923,0.29508196721311475
te,all test,0.01,0.9826511227263424,0.9839228295819936,0.2973856209150327
te,all test,0.01,0.9827410717135312,0.9871382636655949,0.2996742671009772
te,all test,0.01,0.9829852882153017,0.9903536977491961,0.30194805194805197
te,all test,0.01,0.9831850237532915,0.9935691318327974,0.3042071197411003
te,all test,0.01,0.9832255185836424,0.9967845659163987,0.3064516129032258
te,all test,0.01,0.9834538719184884,1.0,0.3086816720257235
te,all test,0.05,0.0,0.35852090032154343,0.08968609865470852
te,all test,0.05,0.0009278958997385112,0.35852090032154343,0.08968609865470852
te,all test,0.05,0.0009652165681235572,0.36012861736334406,0.08928571428571429
te,all test,0.05,0.001786375800446013,0.3633440514469453,0.09292035398230089
te,all test,0.05,0.001869466781161135,0.364951768488746,0.09251101321585903
te,all test,0.05,0.0018753914964041419,0.3665594855305466,0.09210526315789473
te,all test,0.05,0.0019018915848107686,0.36977491961414793,0.09130434782608696
te,all test,0.05,0.0019028288071889843,0.37138263665594856,0.09090909090909091
te,all test,0.05,0.0019417047328105501,0.3729903536977492,0.09051724137931035
te,all test,0.05,0.0020404404293011187,0.3762057877813505,0.08974358974358974
te,all test,0.05,0.0020569664248678227,0.3778135048231511,0.08936170212765958
te,all test,0.05,0.00206101915109465,0.37942122186495175,0.08898305084745763
te,all test,0.05,0.0021547048552745173,0.38263665594855306,0.08823529411764706
te,all test,0.05,0.0021703152909876844,0.3842443729903537,0.08786610878661087
te,all test,0.05,0.002171658021597958,0.3858520900321543,0.0875
te,all test,0.05,0.0023244110238697597,0.3890675241157556,0.09090909090909091
te,all test,0.05,0.0023647090992506676,0.39067524115755625,0.09053497942386832
te,all test,0.05,0.002391814157334039,0.39228295819935693,0.09016393442622951
te,all test,0.05,0.0024543911621850824,0.3954983922829582,0.08943089430894309
te,all test,0.05,0.0024583727251789997,0.3971061093247588,0.08906882591093117
te,all test,0.05,0.0024866727047341036,0.3987138263665595,0.08870967741935484
te,all test,0.05,0.002536999007204303,0.40192926045016075,0.088
te,all test,0.05,0.0025930444528756854,0.40353697749196143,0.08764940239043825
te,all test,0.05,0.0026328988762227183,0.40514469453376206,0.0873015873015873
te,all test,0.05,0.002670767957834589,0.40836012861736337,0.08661417322834646
te,all test,0.05,0.0026884999799227137,0.409967845659164,0.08627450980392157
te,all test,0.05,0.0027077463227203617,0.4115755627009646,0.0859375
te,all test,0.05,0.0027226589359220965,0.41479099678456594,0.08527131782945736
te,all test,0.05,0.0027337543700126808,0.41639871382636656,0.08494208494208494
te,all test,0.05,0.002760199771788664,0.4180064308681672,0.08461538461538462
te,all test,0.05,0.0027863852900211696,0.4212218649517685,0.08396946564885496
te,all test,0.05,0.0028041476031101685,0.4228295819935691,0.08365019011406843
te,all test,0.05,0.002825995109995647,0.42443729903536975,0.08333333333333333
te,all test,0.05,0.0028473208027275467,0.42765273311897106,0.08270676691729323
te,all test,0.05,0.002868044023279795,0.4292604501607717,0.08239700374531835
te,all test,0.05,0.002871862550249189,0.43086816720257237,0.08208955223880597
te,all test,0.05,0.002884460964556523,0.4340836012861736,0.08148148148148149
te,all test,0.05,0.00292335745328532,0.43569131832797425,0.08118081180811808
te,all test,0.05,0.002984685133984339,0.43729903536977494,0.08088235294117647
te,all test,0.05,0.003032887156569876,0.4405144694533762,0.08029197080291971
te,all test,0.05,0.003039129006640628,0.44212218649517687,0.08
te,all test,0.05,0.003101672284442845,0.4437299035369775,0.07971014492753623
te,all test,0.05,0.0031309252785394824,0.44694533762057875,0.07913669064748201
te,all test,0.05,0.003134448738139672,0.44855305466237944,0.07885304659498207
te,all test,0.05,0.0031481958434592164,0.45016077170418006,0.07857142857142857
te,all test,0.05,0.0031993653591438085,0.4533762057877814,0.07801418439716312
te,all test,0.05,0.003214130737389772,0.454983922829582,0.07773851590106007
te,all test,0.05,0.0032259852452503545,0.4565916398713826,0.07746478873239436
te,all test,0.05,0.0032645319876904036,0.45980707395498394,0.07692307692307693
te,all test,0.05,0.003270907139367677,0.46141479099678456,0.07665505226480836
te,all test,0.05,0.0032924993135403733,0.4630225080385852,0.0763888888888889
te,all test,0.05,0.003339424003716504,0.4662379421221865,0.07586206896551724
te,all test,0.05,0.0033593058089998054,0.4678456591639871,0.07560137457044673
te,all test,0.05,0.003360823001684772,0.4694533762057878,0.07876712328767123
te,all test,0.05,0.003419352987069466,0.47266881028938906,0.0782312925170068
te,all test,0.05,0.003423398913015332,0.4742765273311897,0.07796610169491526
te,all test,0.05,0.0034273630085266318,0.4758842443729904,0.0777027027027027
te,all test,0.05,0.003436466877319847,0.4790996784565916,0.07718120805369127
te,all test,0.05,0.00344979587000326,0.4807073954983923,0.07692307692307693
te,all test,0.05,0.003453128919083605,0.48231511254019294,0.07666666666666666
te,all test,0.05,0.003509703825943829,0.4855305466237942,0.076158940397351
te,all test,0.05,0.003513066051930534,0.4871382636655949,0.07590759075907591
te,all test,0.05,0.003515163891970233,0.4887459807073955,0.0756578947368421
te,all test,0.05,0.003540250337168911,0.4919614147909968,0.07516339869281045
te,all test,0.05,0.0035454635646692562,0.49356913183279744,0.0749185667752443
te,all test,0.05,0.0035456847268465655,0.49517684887459806,0.07467532467532467
te,all test,0.05,0.0035616001038162553,0.4983922829581994,0.07419354838709677
te,all test,0.05,0.0035622965636875116,0.5,0.07395498392282958
te,all test,0.05,0.003599348159971225,0.5016077170418006,0.07371794871794872
te,all test,0.05,0.0036088408514606753,0.5048231511254019,0.0732484076433121
te,all test,0.05,0.0036167600634437504,0.5064308681672026,0.07301587301587302
te,all test,0.05,0.003617833125785686,0.5080385852090032,0.07278481012658228
te,all test,0.05,0.003651320708334078,0.5112540192926045,0.07232704402515723
te,all test,0.05,0.003653825821925017,0.5128617363344051,0.07210031347962383
te,all test,0.05,0.003657896805360959,0.5144694533762058,0.071875
te,all test,0.05,0.0036889314686290695,0.5176848874598071,0.07142857142857142
te,all test,0.05,0.003690286033167265,0.5192926045016077,0.07120743034055728
te,all test,0.05,0.0037810017495566554,0.522508038585209,0.07076923076923076
te,all test,0.05,0.00379206117378417,0.5241157556270096,0.0705521472392638
te,all test,0.05,0.0038292569056618767,0.5257234726688103,0.07033639143730887
te,all test,0.05,0.0038573448772538056,0.5289389067524116,0.06990881458966565
te,all test,0.05,0.003867079832607506,0.5305466237942122,0.0696969696969697
te,all test,0.05,0.0038738689412754794,0.5321543408360129,0.06948640483383686
te,all test,0.05,0.0038940486030811026,0.5353697749196141,0.06906906906906907
te,all test,0.05,0.003894874511636098,0.5369774919614148,0.0688622754491018
te,all test,0.05,0.0039130288480188884,0.5385852090032154,0.06865671641791045
te,all test,0.05,0.003956179062468733,0.5418006430868167,0.06824925816023739
te,all test,0.05,0.003964567667219097,0.5434083601286174,0.06804733727810651
te,all test,0.05,0.003968911203208328,0.545016077170418,0.06784660766961652
te,all test,0.05,0.003975317601746291,0.5482315112540193,0.06744868035190615
te,all test,0.05,0.00402684592774829,0.5498392282958199,0.06725146198830409
te,all test,0.05,0.0040273342104699475,0.5514469453376206,0.06705539358600583
te,all test,0.05,0.004052734463930843,0.5546623794212219,0.06666666666666667
te,all test,0.05,0.004076639474653621,0.5562700964630225,0.06647398843930635
te,all test,0.05,0.004109002716368759,0.5578778135048231,0.06628242074927954
te,all test,0.05,0.004126566562167572,0.5610932475884244,0.0659025787965616
te,all test,0.05,0.004149806799961313,0.5627009646302251,0.06571428571428571
te,all test,0.05,0.0041500783802655775,0.5643086816720257,0.06552706552706553
te,all test,0.05,0.004153843162684042,0.567524115755627,0.06515580736543909
te,all test,0.05,0.004168943280496292,0.5691318327974276,0.06497175141242938
te,all test,0.05,0.004182031264707291,0.5707395498392283,0.0647887323943662
te,all test,0.05,0.004193582804944853,0.5739549839228296,0.06442577030812324
te,all test,0.05,0.004208059800213521,0.5755627009646302,0.06424581005586592
te,all test,0.05,0.004212637337714408,0.5771704180064309,0.06406685236768803
te,all test,0.05,0.004240280531352963,0.5803858520900321,0.06371191135734072
te,all test,0.05,0.0042813730060451295,0.5819935691318328,0.06353591160220995
te,all test,0.05,0.004291781451119206,0.5836012861736335,0.06336088154269973
te,all test,0.05,0.0043021085023476615,0.5868167202572347,0.06301369863013699
te,all test,0.05,0.004319320896047105,0.5884244372990354,0.06284153005464481
te,all test,0.05,0.004330168113077262,0.590032154340836,0.06267029972752043
te,all test,0.05,0.004347270513756894,0.5932475884244373,0.06233062330623306
te,all test,0.05,0.004360391752291816,0.594855305466238,0.062162162162162166
te,all test,0.05,0.00436750114627957,0.5964630225080386,0.06199460916442048
te,all test,0.05,0.004405425303053957,0.5996784565916399,0.06166219839142091
te,all test,0.05,0.004416142653790407,0.6012861736334405,0.06149732620320856
te,all test,0.05,0.004428613341084839,0.6028938906752411,0.06133333333333333
te,all test,0.05,0.004476794068878806,0.6061093247588425,0.0610079575596817
te,all test,0.05,0.004479433237884778,0.6077170418006431,0.06084656084656084
te,all test,0.05,0.004482883570135403,0.6093247588424437,0.06068601583113457
te,all test,0.05,0.0045900393098408845,0.612540192926045,0.06036745406824147
te,all test,0.05,0.004590972674625483,0.6141479099678456,0.060209424083769635
te,all test,0.05,0.004601012267277215,0.6157556270096463,0.06005221932114883
te,all test,0.05,0.004635950816665052,0.6189710610932476,0.05974025974025974
te,all test,0.05,0.00464146834000387,0.6205787781350482,0.05958549222797927
te,all test,0.05,0.004647083337013358,0.6221864951768489,0.059431524547803614
te,all test,0.05,0.00466924081567776,0.6254019292604501,0.05912596401028278
te,all test,0.05,0.004671236506417865,0.6270096463022508,0.05897435897435897
te,all test,0.05,0.004676292291927358,0.6286173633440515,0.058823529411764705
te,all test,0.05,0.004714900163240778,0.6318327974276527,0.058524173027989825
te,all test,0.05,0.004719917418174367,0.6334405144694534,0.0583756345177665
te,all test,0.05,0.004721983328011941,0.635048231511254,0.05822784810126582
te,all test,0.05,0.004761823584248658,0.6382636655948553,0.05793450881612091
te,all test,0.05,0.004770770648267524,0.639871382636656,0.05778894472361809
te,all test,0.05,0.004815747986102894,0.6414790996784566,0.05764411027568922
te,all test,0.05,0.004819674837472687,0.6446945337620579,0.057356608478802994
te,all test,0.05,0.004821739573330764,0.6463022508038585,0.05721393034825871
te,all test,0.05,0.004823054384365039,0.6479099678456591,0.05707196029776675
te,all test,0.05,0.004878356661359565,0.6511254019292605,0.056790123456790124
te,all test,0.05,0.004915073065899039,0.6527331189710611,0.05665024630541872
te,all test,0.05,0.004935106042783556,0.6543408360128617,0.056511056511056514
te,all test,0.05,0.004970726077480766,0.657556270096463,0.05623471882640587
te,all test,0.05,0.004981751846020279,0.6591639871382636,0.05609756097560976
te,all test,0.05,0.004985222739066816,0.6607717041800643,0.05596107055961071
te,all test,0.05,0.005009320883721608,0.6639871382636656,0.05569007263922518
te,all test,0.05,0.005029255688458778,0.6655948553054662,0.05555555555555555
te,all test,0.05,0.005058723352815085,0.6672025723472669,0.05542168674698795
te,all test,0.05,0.005146465762715541,0.6704180064308681,0.05515587529976019
te,all test,0.05,0.005158785536580001,0.6720257234726688,0.05502392344497608
te,all test,0.05,0.005166205595849917,0.6736334405144695,0.05489260143198091
te,all test,0.05,0.005189924660881616,0.6768488745980707,0.05463182897862233
te,all test,0.05,0.005194992348657541,0.6784565916398714,0.05687203791469194
te,all test,0.05,0.005223185304725807,0.6816720257234726,0.05660377358490566
te,all test,0.05,0.0052255985228870615,0.6832797427652733,0.05647058823529412
te,all test,0.05,0.005226440289226935,0.684887459807074,0.056338028169014086
te,all test,0.05,0.005256299894428752,0.6881028938906752,0.056074766355140186
te,all test,0.05,0.0052635222724061684,0.6897106109324759,0.055944055944055944
te,all test,0.05,0.005270170264696137,0.6913183279742765,0.05581395348837209
te,all test,0.05,0.005360281924441449,0.6945337620578779,0.05555555555555555
te,all test,0.05,0.005367574875518487,0.6961414790996785,0.05542725173210162
te,all test,0.05,0.005384911281850558,0.6977491961414791,0.055299539170506916
te,all test,0.05,0.005421198040475599,0.7009646302250804,0.05504587155963303
te,all test,0.05,0.005423065105059239,0.702572347266881,0.05491990846681922
te,all test,0.05,0.005445115991696985,0.7041800643086816,0.0547945205479452
te,all test,0.05,0.005449255421549992,0.707395498392283,0.05454545454545454
te,all test,0.05,0.005499018325486145,0.7090032154340836,0.05442176870748299
te,all test,0.05,0.005503773757472739,0.7106109324758842,0.05429864253393665
te,all test,0.05,0.0055062009769809035,0.7138263665594855,0.05405405405405406
te,all test,0.05,0.005515340120469316,0.7154340836012861,0.05393258426966292
te,all test,0.05,0.00554120033018914,0.7170418006430869,0.053811659192825115
te,all test,0.05,0.005592335912212527,0.7202572347266881,0.05357142857142857
te,all test,0.05,0.005599987346286761,0.7218649517684887,0.053452115812917596
te,all test,0.05,0.0056087406164109415,0.7234726688102894,0.05333333333333334
te,all test,0.05,0.005677966229710785,0.7266881028938906,0.05309734513274336
te,all test,0.05,0.005680065020836686,0.7282958199356914,0.052980132450331126
te,all test,0.05,0.005681744661228865,0.729903536977492,0.05286343612334802
te,all test,0.05,0.005771208310377774,0.7331189710610932,0.05263157894736842
te,all test,0.05,0.005780421805823175,0.7347266881028939,0.0525164113785558
te,all test,0.05,0.005782079389060498,0.7363344051446945,0.05240174672489083
te,all test,0.05,0.005818290319267026,0.7395498392282959,0.05217391304347826
te,all test,0.05,0.005823846587652648,0.7411575562700965,0.052060737527114966
te,all test,0.05,0.005831743408782432,0.7427652733118971,0.05194805194805195
te,all test,0.05,0.0058867326942929005,0.7459807073954984,0.05172413793103448
te,all test,0.05,0.0058884617209593966,0.747588424437299,0.05161290322580645
te,all test,0.05,0.005928003971641033,0.7491961414790996,0.05150214592274678
te,all test,0.05,0.005964127541529973,0.752411575562701,0.05128205128205128
te,all test,0.05,0.006022992463941427,0.7540192926045016,0.0511727078891258
te,all test,0.05,0.006049193631382658,0.7556270096463023,0.05106382978723404
te,all test,0.05,0.006098917016824151,0.7588424437299035,0.05084745762711865
te,all test,0.05,0.006117631362970447,0.7604501607717041,0.0507399577167019
te,all test,0.05,0.006126056466748129,0.7620578778135049,0.05063291139240506
te,all test,0.05,0.00614980164390011,0.7652733118971061,0.05042016806722689
te,all test,0.05,0.006285665268569363,0.7668810289389068,0.050314465408805034
te,all test,0.05,0.006358428090508459,0.7684887459807074,0.0502092050209205
te,all test,0.05,0.006401341610857928,0.7717041800643086,0.05
te,all test,0.05,0.006444003415711946,0.7733118971061094,0.0498960498960499
te,all test,0.05,0.006479543376201907,0.77491961414791,0.04979253112033195
te,all test,0.05,0.006499370896032041,0.7781350482315113,0.049586776859504134
te,all test,0.05,0.0065072962022474845,0.7797427652733119,0.049484536082474224
te,all test,0.05,0.006551404626970117,0.7813504823151125,0.04938271604938271
te,all test,0.05,0.0065680984223806865,0.7845659163987139,0.04918032786885246
te,all test,0.05,0.006629088706605924,0.7861736334405145,0.049079754601226995
te,all test,0.05,0.0066523398634917505,0.7877813504823151,0.04897959183673469
te,all test,0.05,0.006697336647104888,0.7909967845659164,0.04878048780487805
te,all test,0.05,0.006765439096130273,0.792604501607717,0.0486815415821501
te,all test,0.05,0.006779724078542334,0.7942122186495176,0.048582995951417005
te,all test,0.05,0.006854337317748523,0.797427652733119,0.04838709677419355
te,all test,0.05,0.006955615468595821,0.7990353697749196,0.0482897384305835
te,all test,0.05,0.0069602822927178586,0.8006430868167203,0.04819277108433735
te,all test,0.05,0.006985929476002306,0.8038585209003215,0.048
te,all test,0.05,0.006995227268137921,0.8054662379421221,0.04790419161676647
te,all test,0.05,0.007012952692898879,0.8070739549839229,0.04780876494023904
te,all test,0.05,0.007068647263573952,0.8102893890675241,0.0496031746031746
te,all test,0.05,0.007096892428588527,0.8118971061093248,0.04950495049504951
te,all test,0.05,0.007192506047152147,0.8135048231511254,0.04940711462450593
te,all test,0.05,0.007343610941299979,0.8167202572347267,0.04921259842519685
te,all test,0.05,0.00735198475998528,0.8183279742765274,0.04911591355599214
te,all test,0.05,0.007379771726797965,0.819935691318328,0.049019607843137254
te,all test,0.05,0.007433612145958995,0.8231511254019293,0.048828125
te,all test,0.05,0.007440202406566355,0.8247588424437299,0.04873294346978557
te,all test,0.05,0.007450254840922004,0.8263665594855305,0.048638132295719845
te,all test,0.05,0.007661954359186196,0.8295819935691319,0.050387596899224806
te,all test,0.05,0.007717502535197729,0.8311897106109325,0.05029013539651837
te,all test,0.05,0.0077197520656361075,0.8327974276527331,0.05019305019305019
te,all test,0.05,0.007920465446807846,0.8360128617363344,0.05
te,all test,0.05,0.008004398562189312,0.837620578778135,0.04990403071017274
te,all test,0.05,0.008163526649532021,0.8408360128617364,0.0497131931166348
te,all test,0.05,0.008241218799553893,0.842443729903537,0.04961832061068702
te,all test,0.05,0.008352147168550232,0.8440514469453376,0.049523809523809526
te,all test,0.05,0.008884955241271211,0.8472668810289389,0.04933586337760911
te,all test,0.05,0.009020325706944133,0.8488745980707395,0.04924242424242424
te,all test,0.05,0.009022294910695661,0.8504823151125402,0.05103969754253308
te,all test,0.05,0.00927910473330378,0.8536977491961415,0.05084745762711865
te,all test,0.05,0.009849545923873543,0.8553054662379421,0.05075187969924812
te,all test,0.05,0.010491962288003438,0.8569131832797428,0.05065666041275797
te,all test,0.05,0.010992861799335616,0.860128617363344,0.052336448598130844
te,all test,0.05,0.011053071230513535,0.8617363344051447,0.05223880597014925
te,all test,0.05,0.011071286430642572,0.8633440514469454,0.0521415270018622
te,all test,0.05,0.011461378093623542,0.8665594855305466,0.05194805194805195
te,all test,0.05,0.011605429157173998,0.8681672025723473,0.05185185185185185
te,all test,0.05,0.01165979272405015,0.8697749196141479,0.051756007393715345
te,all test,0.05,0.011866788295374327,0.8729903536977492,0.05156537753222836
te,all test,0.05,0.011935656807843786,0.8745980707395499,0.051470588235294115
te,all test,0.05,0.012038767490343324,0.8762057877813505,0.05137614678899083
te,all test,0.05,0.012057050797552838,0.8794212218649518,0.051188299817184646
te,all test,0.05,0.012109874301583917,0.8810289389067524,0.051094890510948905
te,all test,0.05,0.012942727751619186,0.882636655948553,0.051001821493624776
te,all test,0.05,0.01334908342106372,0.8858520900321544,0.050816696914700546
te,all test,0.05,0.013377564771181552,0.887459807073955,0.050724637681159424
te,all test,0.05,0.013499354618749728,0.8890675241157556,0.05063291139240506
te,all test,0.05,0.014180219262120075,0.8922829581993569,0.05045045045045045
te,all test,0.05,0.014858604012971137,0.8938906752411575,0.050359712230215826
te,all test,0.05,0.015072170228961073,0.8954983922829582,0.05026929982046679
te,all test,0.05,0.01718835428717897,0.8987138263665595,0.0518783542039356
te,all test,0.05,0.017513478815780602,0.9003215434083601,0.05178571428571429
te,all test,0.05,0.018302536306826444,0.9019292604501608,0.05169340463458111
te,all test,0.05,0.0200934158972679,0.905144694533762,0.05150976909413854
te,all test,0.05,0.020435015963122395,0.9067524115755627,0.051418439716312055
te,all test,0.05,0.020466344319196143,0.9083601286173634,0.05132743362831858
te,all test,0.05,0.02166422419800951,0.9115755627009646,0.05114638447971781
te,all test,0.05,0.021711169632052853,0.9131832797427653,0.051056338028169015
te,all test,0.05,0.022074187943871833,0.9147909967845659,0.050966608084358524
te,all test,0.05,0.02255593533137722,0.9180064308681672,0.050788091068301226
te,all test,0.05,0.024481113554542883,0.9196141479099679,0.050699300699300696
te,all test,0.05,0.024592642214695613,0.9212218649517685,0.0506108202443281
te,all test,0.05,0.025818281198321816,0.9244372990353698,0.050434782608695654
te,all test,0.05,0.026345309385951563,0.9260450160771704,0.050347222222222224
te,all test,0.05,0.027515631923524343,0.927652733118971,0.05025996533795494
te,all test,0.05,0.0305872221421702,0.9308681672025724,0.05008635578583765
te,all test,0.05,0.031243740430349012,0.932475884244373,0.05172413793103448
te,all test,0.05,0.03158980592931792,0.9340836012861736,0.05335628227194492
te,all test,0.05,0.03680848514274716,0.9372990353697749,0.05317324185248713
te,all test,0.05,0.037247916151967445,0.9389067524115756,0.053082191780821915
te,all test,0.05,0.03759076161550943,0.9405144694533762,0.0547008547008547
te,all test,0.05,0.04077811002973592,0.9437299035369775,0.054514480408858604
te,all test,0.05,0.041246214178558845,0.9453376205787781,0.05442176870748299
te,all test,0.05,0.04463163497224256,0.9469453376205788,0.05432937181663837
te,all test,0.05,0.047713791183756425,0.9501607717041801,0.05414551607445008
te,all test,0.05,0.05130738880862578,0.9517684887459807,0.05405405405405406
te,all test,0.05,0.056798536485837194,0.9533762057877814,0.05396290050590219
te,all test,0.05,0.06630083777863756,0.9565916398713826,0.05378151260504202
te,all test,0.05,0.07776069271282786,0.9581993569131833,0.053691275167785234
te,all test,0.05,0.07848262117484614,0.9598070739549839,0.05360134003350084
te,all test,0.05,0.09889911136757921,0.9630225080385852,0.05509181969949917
te,all test,0.05,0.11073078701383517,0.9646302250803859,0.055
te,all test,0.05,0.11458714655012052,0.9662379421221865,0.05490848585690516
te,all test,0.05,0.12192935005614267,0.9694533762057878,0.05638474295190713
te,all test,0.05,0.12302744760557861,0.9710610932475884,0.057947019867549666
te,all test,0.05,0.13509853399289762,0.9726688102893891,0.05950413223140496
te,all test,0.05,0.15295845906672886,0.9758842443729904,0.05930807248764415
te,all test,0.05,0.1674669345580977,0.977491961414791,0.05921052631578947
te,all test,0.05,0.1898120178452832,0.9790996784565916,0.060755336617405585
te,all test,0.05,0.20681443218105683,0.9823151125401929,0.062193126022913256
te,all test,0.05,0.21278719309415695,0.9839228295819936,0.06372549019607843
te,all test,0.05,0.2354547537234801,0.9855305466237942,0.06525285481239804
te,all test,0.05,0.2646572550441561,0.9887459807073955,0.06504065040650407
te,all test,0.05,0.28714551823088325,0.9903536977491961,0.06493506493506493
te,all test,0.05,0.3185974683653602,0.9919614147909968,0.06482982171799027
te,all test,0.05,0.36046035656971137,0.9951768488745981,0.06462035541195477
te,all test,0.05,0.3789055838539485,0.9967845659163987,0.06612903225806452
te,all test,0.05,0.4165495862937031,1.0,0.06752411575562701
